Sample ID,Cohort,Cage,Ear,Diet,%P/%C/%F,%Glucose/%Fructose,in.P,in.F,in.C,in.Glu,in.Fru,in.Glustar,food.intake ,eaten.P,eaten.F,eaten.C,eaten.Glu,eaten.Fru,eaten.Glustar ,energy.eaten,,food.eaten ,energy.in,Water.Wk.12,,Water.Wk.12,Weight.Wk.12,Fat.Mass.Wk.12,Lean.Mass.Wk.12,Water.Mass.Wk.12,Fat.Percentage.Wk.12,Lean.Percentage.Wk.12,Water.Percentage.Wk.12,Fasting.blood.glucose,GTT.total.AUC,GTT.incremental.AUC,Fasting.Blood.Insulin,Fed.Blood.Insulin,HOMA.IR,ITT.total.AUC.45,ITT.total.AUC
1.1,1,1,1,G-1/S-1,10/70/20,100/0,1.43,2.86,9.96,7.01,0,9.96,3.22,4.61,9.23,32.1,22.59,0,32.1,45.94,,3.22,45.94,5.16,,5.16,29.3,2.67,25.16,21.95,9.112627986,85.87030717,74.91467577,9.1,1000.5,181.5,0.378540111,0.650578373,3.444715013,321.8,630.8
1.2,1,1,2,G-1/S-1,10/70/20,100/0,1.43,2.86,9.96,7.01,0,9.96,3.22,4.61,9.23,32.1,22.59,0,32.1,45.94,,,,,,5.16,30,1.4,27.32,23.66,4.666666667,91.06666667,78.86666667,9.4,1029.75,183.75,0.53051454,0.639409635,4.986836677,326.3,646.5
1.3,1,1,3,G-1/S-1,10/70/20,100/0,1.43,2.86,9.96,7.01,0,9.96,3.22,4.61,9.23,32.1,22.59,0,32.1,45.94,,,,,,5.16,31.3,2.92,26.99,22.81,9.329073482,86.23003195,72.87539936,9.7,1124.25,251.25,0.889908199,1.072596673,8.632109534,426,777.8
1.4,1,1,4,G-1/S-1,10/70/20,100/0,1.43,2.86,9.96,7.01,0,9.96,3.22,4.61,9.23,32.1,22.59,0,32.1,45.94,,,,,,5.16,31.7,1.34,29,25.1,4.227129338,91.48264984,79.17981073,8.9,1239,438,0.303151172,0.754288018,2.698045434,315,648
2.1,1,2,1,G-1/S-2,10/70/20,75/25,1.43,2.86,9.96,5.25,1.75,8.21,3.25,4.64,9.29,32.32,17.06,5.68,26.63,46.25,,3.25,46.25,3.34,,3.34,43.3,14.19,27.33,23.41,32.77136259,63.11778291,54.06466513,12.5,1153.5,28.5,2.758675604,3.601116764,34.48344505,485.3,969.8
2.2,1,2,2,G-1/S-2,10/70/20,75/25,1.43,2.86,9.96,5.25,1.75,8.21,3.25,4.64,9.29,32.32,17.06,5.68,26.63,46.25,,,,,,3.34,42.2,13.36,27.2,23.17,31.65876777,64.4549763,54.90521327,13,1293.75,123.75,2.299960207,3.927004387,29.89948269,492.8,1024.5
2.3,1,2,3,G-1/S-2,10/70/20,75/25,1.43,2.86,9.96,5.25,1.75,8.21,3.25,4.64,9.29,32.32,17.06,5.68,26.63,46.25,,,,,,3.34,38.6,11.38,25.86,22.14,29.48186528,66.99481865,57.35751295,10.9,1046.25,65.25,2.036298455,3.924611166,22.19565316,554.3,1103.3
2.4,1,2,4,G-1/S-2,10/70/20,75/25,1.43,2.86,9.96,5.25,1.75,8.21,3.25,4.64,9.29,32.32,17.06,5.68,26.63,46.25,,,,,,3.34,41.7,13.83,26.33,22.39,33.16546763,63.14148681,53.69304556,12.3,1450.5,343.5,3.052253724,3.129637129,37.54272081,627,1222.5
3.1,1,3,1,G-1/S-3,10/70/20,50/50,1.43,2.86,9.96,3.5,3.5,6.45,3.65,5.22,10.45,36.34,12.79,12.79,23.55,52,,3.65,52,3.56,,3.56,38.9,12.1,25.49,21.88,31.10539846,65.52699229,56.24678663,10,1270.5,370.5,1.626246554,3.124451501,16.26246554,453,912
3.2,1,3,2,G-1/S-3,10/70/20,50/50,1.43,2.86,9.96,3.5,3.5,6.45,3.65,5.22,10.45,36.34,12.79,12.79,23.55,52,,,,,,3.56,34.7,5.71,27.58,23.76,16.45533141,79.48126801,68.47262248,10.7,981,18,1.608695637,1.775428753,17.21304331,459,858
3.3,1,3,3,G-1/S-3,10/70/20,50/50,1.43,2.86,9.96,3.5,3.5,6.45,3.65,5.22,10.45,36.34,12.79,12.79,23.55,52,,,,,,3.56,34.9,5.42,28.23,24.1,15.53008596,80.88825215,69.05444126,10,1128,228,0.915436795,1.536896647,9.15436795,420,826.5
3.4,1,3,4,G-1/S-3,10/70/20,50/50,1.43,2.86,9.96,3.5,3.5,6.45,3.65,5.22,10.45,36.34,12.79,12.79,23.55,52,,,,,,3.56,40.4,13.77,25.13,21.47,34.08415842,62.2029703,53.14356436,12.2,1313.25,215.25,1.51017156,3.848025736,18.42409303,546.8,1101
4.1,1,4,1,G-1/S-4,10/70/20,25/75,1.43,2.86,9.96,1.75,5.25,4.7,3.51,5.02,10.05,34.96,6.15,18.45,16.51,50.03,,3.51,50.03,4.28,,4.28,32.7,6.44,24.31,21.31,19.6941896,74.34250765,65.16819572,9.5,1623,768,0.73992822,2.85081768,7.02931809,447,831
4.2,1,4,2,G-1/S-4,10/70/20,25/75,1.43,2.86,9.96,1.75,5.25,4.7,3.51,5.02,10.05,34.96,6.15,18.45,16.51,50.03,,,,,,4.28,32.1,6.57,24.38,20.86,20.46728972,75.95015576,64.98442368,9.2,933,105,1.626246554,2.071400051,14.96146829,325.5,575.3
4.3,1,4,3,G-1/S-4,10/70/20,25/75,1.43,2.86,9.96,1.75,5.25,4.7,3.51,5.02,10.05,34.96,6.15,18.45,16.51,50.03,,,,,,4.28,39.4,11.51,26.44,22.73,29.21319797,67.10659898,57.69035533,9.7,984.75,111.75,1.388911058,3.966493712,13.47243726,423.8,853.5
4.4,1,4,4,G-1/S-4,10/70/20,25/75,1.43,2.86,9.96,1.75,5.25,4.7,3.51,5.02,10.05,34.96,6.15,18.45,16.51,50.03,,,,,,4.28,34.4,7.16,25.98,21.84,20.81395349,75.52325581,63.48837209,10.5,1283.25,338.25,1.000000023,2.108895105,10.50000024,388.5,703.5
5.1,1,5,1,G-1/S-5,10/70/20,0/100,1.43,2.87,9.95,0,7.01,2.95,2.93,4.19,8.4,29.18,0,20.54,8.64,41.77,,2.93,41.77,7.21,,7.21,30.7,5.64,23.81,20.55,18.3713355,77.55700326,66.93811075,10.4,1432.5,496.5,1.51376151,1.913841223,15.7431197,600,1203.8
5.2,1,5,2,G-1/S-5,10/70/20,0/100,1.43,2.87,9.95,0,7.01,2.95,2.93,4.19,8.4,29.18,0,20.54,8.64,41.77,,,,,,7.21,33,8.2,23.62,20.02,24.84848485,71.57575758,60.66666667,9.9,1215.75,324.75,1.494615033,1.686477915,14.79668883,527.3,993.8
5.3,1,5,3,G-1/S-5,10/70/20,0/100,1.43,2.87,9.95,0,7.01,2.95,2.93,4.19,8.4,29.18,0,20.54,8.64,41.77,,,,,,7.21,30.1,4.17,24.35,20.87,13.8538206,80.89700997,69.33554817,9.7,1162.5,289.5,0.791384123,1.836058945,7.676425992,363.8,692.3
5.4,1,5,4,G-1/S-5,10/70/20,0/100,1.43,2.87,9.95,0,7.01,2.95,2.93,4.19,8.4,29.18,0,20.54,8.64,41.77,,,,,,7.21,28.6,2.64,24.64,21.32,9.230769231,86.15384615,74.54545455,8,992.25,272.25,0.9525329,1.507778221,7.6202632,305.3,573
6.1,1,6,1,G-2/S-1,20/60/20,100/0,2.86,2.86,8.53,6.01,0,8.53,3,8.59,8.6,25.62,18.04,0,25.62,42.81,,3,42.81,4.06,,4.06,38.3,9.65,26.94,22.86,25.19582245,70.33942559,59.68668407,12.6,1298.25,164.25,1.301095426,1.705790256,16.393797,390,799.5
6.2,1,6,2,G-2/S-1,20/60/20,100/0,2.86,2.86,8.53,6.01,0,8.53,3,8.59,8.6,25.62,18.04,0,25.62,42.81,,,,,,4.06,33.1,4.17,27.61,23.47,12.59818731,83.41389728,70.90634441,10.9,1090.5,109.5,0.56838812,0.648513273,6.1954292,374.3,705.8
6.3,1,6,3,G-2/S-1,20/60/20,100/0,2.86,2.86,8.53,6.01,0,8.53,3,8.59,8.6,25.62,18.04,0,25.62,42.81,,,,,,4.06,37.3,11.31,24.52,21.15,30.32171582,65.73726542,56.70241287,11.2,1071.75,63.75,1.798748131,1.863536794,20.1459776,480.8,969
6.4,1,6,4,G-2/S-1,20/60/20,100/0,2.86,2.86,8.53,6.01,0,8.53,3,8.59,8.6,25.62,18.04,0,25.62,42.81,,,,,,4.06,31.9,3.83,26.24,22.31,12.00626959,82.25705329,69.93730408,8.7,1175.25,392.25,0.623474192,0.593114254,5.4242238,339,575.3
7.1,1,7,1,G-2/S-2,20/60/20,75/25,2.86,2.86,8.53,4.5,1.5,7.02,3.12,8.92,8.93,26.6,14.05,4.68,21.91,44.45,,3.12,44.45,3.78,,3.78,36.8,8.14,27.31,23.08,22.11956522,74.21195652,62.7173913,12.6,1040.25,-93.75,1.629733983,3.360876362,20.5346484,456,885
7.2,1,7,2,G-2/S-2,20/60/20,75/25,2.86,2.86,8.53,4.5,1.5,7.02,3.12,8.92,8.93,26.6,14.05,4.68,21.91,44.45,,,,,,3.78,34.6,9.22,24.2,20.6,26.64739884,69.94219653,59.53757225,12.2,2316,1218,1.080125151,1.11079813,13.177525,451.5,885.8
7.3,1,7,3,G-2/S-2,20/60/20,75/25,2.86,2.86,8.53,4.5,1.5,7.02,3.12,8.92,8.93,26.6,14.05,4.68,21.91,44.45,,,,,,3.78,38.8,11.6,25.87,22.27,29.89690722,66.67525773,57.39690722,12.3,1443.75,336.75,1.97558681,2.066353584,24.2997201,459.8,897.8
7.4,1,7,4,G-2/S-2,20/60/20,75/25,2.86,2.86,8.53,4.5,1.5,7.02,3.12,8.92,8.93,26.6,14.05,4.68,21.91,44.45,,,,,,3.78,27.6,3.21,23.35,20.25,11.63043478,84.60144928,73.36956522,6.4,930.75,354.75,0.175899836,0.682003155,1.12576,172.5,
8.1,1,8,1,G-2/S-3,20/60/20,50/50,2.86,2.86,8.53,3,3,5.52,3.71,10.61,10.61,31.62,11.13,11.13,20.49,52.84,,3.71,52.84,4.6,,4.6,34.7,6.11,27.39,23.57,17.60806916,78.93371758,67.92507205,8.7,1317,534,1.222535198,3.025665063,10.6360545,452.3,876.8
8.2,1,8,2,G-2/S-3,20/60/20,50/50,2.86,2.86,8.53,3,3,5.52,3.71,10.61,10.61,31.62,11.13,11.13,20.49,52.84,,,,,,4.6,42.2,15.83,25.19,21.86,37.51184834,59.69194313,51.80094787,14.2,1408.5,130.5,1.957746459,3.83818476,27.7999932,534,1099.5
8.3,1,8,3,G-2/S-3,20/60/20,50/50,2.86,2.86,8.53,3,3,5.52,3.71,10.61,10.61,31.62,11.13,11.13,20.49,52.84,,,,,,4.6,44.4,15.87,26.99,23.15,35.74324324,60.78828829,52.13963964,14,1596,336,4.134272279,4.389984227,57.879808,546.8,1095.8
8.4,1,8,4,G-2/S-3,20/60/20,50/50,2.86,2.86,8.53,3,3,5.52,3.71,10.61,10.61,31.62,11.13,11.13,20.49,52.84,,,,,,4.6,30.4,3.24,25.73,22.13,10.65789474,84.63815789,72.79605263,10.3,1538.25,611.25,0.665727729,0.956494484,6.8569984,366,702.8
9.1,1,9,1,G-2/S-4,20/60/20,25/75,2.86,2.86,8.53,1.5,4.5,4.02,3.27,9.36,9.36,27.89,4.91,14.73,13.16,46.61,,3.27,46.61,4.45,,4.45,35.4,10.09,23.92,20.31,28.50282486,67.57062147,57.37288136,10.2,1632,714,1.488262965,1.591549326,15.1802826,501,995.3
9.2,1,9,2,G-2/S-4,20/60/20,25/75,2.86,2.86,8.53,1.5,4.5,4.02,3.27,9.36,9.36,27.89,4.91,14.73,13.16,46.61,,,,,,4.45,34.5,7.52,25.71,22.17,21.79710145,74.52173913,64.26086957,9.3,1336.5,499.5,1.341784038,1.573082893,12.4785912,420.8,848.3
9.3,1,9,3,G-2/S-4,20/60/20,25/75,2.86,2.86,8.53,1.5,4.5,4.02,3.27,9.36,9.36,27.89,4.91,14.73,13.16,46.61,,,,,,4.45,34,7.73,25.04,21.66,22.73529412,73.64705882,63.70588235,9.8,1089,207,0.640375607,1.825352137,6.2756848,467.3,967.5
9.4,1,9,4,G-2/S-4,20/60/20,25/75,2.86,2.86,8.53,1.5,4.5,4.02,3.27,9.36,9.36,27.89,4.91,14.73,13.16,46.61,,,,,,4.45,40.8,10.68,28.44,24.82,26.17647059,69.70588235,60.83333333,9.1,1140.75,321.75,1.900469473,3.066353675,17.2942679,500.3,954
10.1,1,10,1,G-2/S-5,20/60/20,0/100,2.86,2.86,8.53,0,6.01,2.52,2.86,8.19,8.19,24.4,0,17.19,7.21,40.78,,2.86,40.78,3.9,,3.9,28.3,5.04,22.32,19.17,17.80918728,78.86925795,67.7385159,7.2,963.75,315.75,,0.531768388,,325.5,572.3
10.2,1,10,2,G-2/S-5,20/60/20,0/100,2.86,2.86,8.53,0,6.01,2.52,2.86,8.19,8.19,24.4,0,17.19,7.21,40.78,,,,,,3.9,26.4,1.07,24.24,20.97,4.053030303,91.81818182,79.43181818,9.2,1258.5,430.5,0.721439789,1.239123665,6.637248,392.3,850.5
10.3,1,10,3,G-2/S-5,20/60/20,0/100,2.86,2.86,8.53,0,6.01,2.52,2.86,8.19,8.19,24.4,0,17.19,7.21,40.78,,,,,,3.9,35,6.52,27.41,23.54,18.62857143,78.31428571,67.25714286,9.8,1155.75,273.75,1.56275422,3.47887341,15.3149892,417,874.5
10.4,1,10,4,G-2/S-5,20/60/20,0/100,2.86,2.86,8.53,0,6.01,2.52,2.86,8.19,8.19,24.4,0,17.19,7.21,40.78,,,,,,3.9,25.1,1.89,21.85,18.83,7.529880478,87.05179283,75.01992032,9.3,1070.25,233.25,0.368075098,0.545226912,3.4230975,302.3,531
11.1,1,11,1,G-3/S-1,30/50/20,100/0,4.29,2.86,7.1,5.01,0,7.1,2.87,12.32,8.22,20.37,14.37,0,20.37,40.91,,2.87,40.91,4.74,,4.74,28.6,2.5,24.64,21.31,8.741258741,86.15384615,74.51048951,8.6,1101,327,0.668464548,0.764832785,5.748795112,366,716.3
11.2,1,11,2,G-3/S-1,30/50/20,100/0,4.29,2.86,7.1,5.01,0,7.1,2.87,12.32,8.22,20.37,14.37,0,20.37,40.91,,,,,,4.74,27.7,1.9,24.25,20.26,6.859205776,87.54512635,73.14079422,9.2,1084.5,256.5,0.631787116,0.644012927,5.812441466,313.5,615.8
11.3,1,11,3,G-3/S-1,30/50/20,100/0,4.29,2.86,7.1,5.01,0,7.1,2.87,12.32,8.22,20.37,14.37,0,20.37,40.91,,,,,,4.74,34,4.55,27.97,24.4,13.38235294,82.26470588,71.76470588,9.6,1269.75,405.75,1.1370011,1.307802914,10.91521056,321,553.5
11.4,1,11,4,G-3/S-1,30/50/20,100/0,4.29,2.86,7.1,5.01,0,7.1,2.87,12.32,8.22,20.37,14.37,0,20.37,40.91,,,,,,4.74,30.4,2.8,26.26,22.43,9.210526316,86.38157895,73.78289474,8.9,1102.5,301.5,0.478245251,0.651564241,4.256382733,285,518.3
12.1,1,12,1,G-3/S-2,30/50/20,75/25,4.29,2.86,7.09,3.75,1.25,5.84,2.96,12.69,8.47,20.98,11.1,3.7,17.27,42.14,,2.96,42.14,3.43,,3.43,36.9,11.11,24.46,21.06,30.10840108,66.28726287,57.07317073,10.9,2241,1260,1.367134076,1.305285845,14.90176143,571.5,1132.5
12.2,1,12,2,G-3/S-2,30/50/20,75/25,4.29,2.86,7.09,3.75,1.25,5.84,2.96,12.69,8.47,20.98,11.1,3.7,17.27,42.14,,,,,,3.43,45,14.85,28.15,24.09,33,62.55555556,53.53333333,16.3,2553.75,1086.75,4.153182484,4.31031996,67.69687449,811.5,1530.8
12.3,1,12,3,G-3/S-2,30/50/20,75/25,4.29,2.86,7.09,3.75,1.25,5.84,2.96,12.69,8.47,20.98,11.1,3.7,17.27,42.14,,,,,,3.43,35.8,10.43,24.61,21.04,29.13407821,68.74301676,58.77094972,11.7,1975.5,922.5,1.531823039,1.432218662,17.92232955,459.8,954
12.4,1,12,4,G-3/S-2,30/50/20,75/25,4.29,2.86,7.09,3.75,1.25,5.84,2.96,12.69,8.47,20.98,11.1,3.7,17.27,42.14,,,,,,3.43,37.4,10.69,25.4,21.67,28.5828877,67.9144385,57.94117647,10.7,1249.5,286.5,1.18122974,2.280114988,12.63915822,505.5,1019.3
13.1,1,13,1,G-3/S-3,30/50/20,50/50,4.29,2.86,7.1,2.5,2.5,4.59,3.05,13.11,8.74,21.67,7.64,7.65,14.02,43.52,,3.05,43.52,3.75,,3.75,35.6,8.83,25.9,21.82,24.80337079,72.75280899,61.29213483,9.9,1466.25,575.25,1.695073731,1.762315679,16.78122994,476.3,990
13.2,1,13,2,G-3/S-3,30/50/20,50/50,4.29,2.86,7.1,2.5,2.5,4.59,3.05,13.11,8.74,21.67,7.64,7.65,14.02,43.52,,,,,,3.75,39.9,13.57,24.98,21.39,34.01002506,62.60651629,53.60902256,9.8,1398,516,2.6242359,2.571736875,25.71751182,515.3,1033.5
13.3,1,13,3,G-3/S-3,30/50/20,50/50,4.29,2.86,7.1,2.5,2.5,4.59,3.05,13.11,8.74,21.67,7.64,7.65,14.02,43.52,,,,,,3.75,39,10.79,26.7,22.86,27.66666667,68.46153846,58.61538462,9.1,1446,627,1.502696922,1.855088005,13.67454199,418.5,824.3
13.4,1,13,4,G-3/S-3,30/50/20,50/50,4.29,2.86,7.1,2.5,2.5,4.59,3.05,13.11,8.74,21.67,7.64,7.65,14.02,43.52,,,,,,3.75,32.4,5.08,25.32,22.18,15.67901235,78.14814815,68.45679012,8.9,1765.5,964.5,0.613807989,0.720244502,5.4628911,442.5,858
14.1,1,14,1,G-3/S-4,30/50/20,25/75,4.29,2.86,7.1,1.25,3.75,3.34,3.15,13.51,9.01,22.34,3.94,11.82,10.52,44.86,,3.15,44.86,5.98,,5.98,34,6.15,26.37,22.58,18.08823529,77.55882353,66.41176471,8.8,1363.5,571.5,1.186263986,1.683207584,10.43912307,457.5,843.8
14.2,1,14,2,G-3/S-4,30/50/20,25/75,4.29,2.86,7.1,1.25,3.75,3.34,3.15,13.51,9.01,22.34,3.94,11.82,10.52,44.86,,,,,,5.98,36.2,7,27.77,23.9,19.33701657,76.71270718,66.02209945,10.9,1344.75,363.75,1.24487597,1.841064303,13.56914807,432.8,778.5
14.3,1,14,3,G-3/S-4,30/50/20,25/75,4.29,2.86,7.1,1.25,3.75,3.34,3.15,13.51,9.01,22.34,3.94,11.82,10.52,44.86,,,,,,5.98,32.2,6.25,24.85,21.13,19.40993789,77.17391304,65.62111801,9.4,1353.75,507.75,1.664868815,1.786407851,15.64976686,396.8,759.8
14.4,1,14,4,G-3/S-4,30/50/20,25/75,4.29,2.86,7.1,1.25,3.75,3.34,3.15,13.51,9.01,22.34,3.94,11.82,10.52,44.86,,,,,,5.98,37.6,10.02,26.35,22.41,26.64893617,70.07978723,59.60106383,8.7,1306.5,523.5,2.383315254,2.426824931,20.73484271,453,879
15.1,1,15,1,G-3/S-5,30/50/20,0/100,4.29,2.86,7.1,0,5.01,2.09,3,12.85,8.57,21.25,0,14.99,6.26,42.67,,3,42.67,4.76,,4.76,28.6,5.31,22.31,19.2,18.56643357,78.00699301,67.13286713,8.3,1397.25,650.25,0.952175477,0.981301701,7.903056459,480,975
15.2,1,15,2,G-3/S-5,30/50/20,0/100,4.29,2.86,7.1,0,5.01,2.09,3,12.85,8.57,21.25,0,14.99,6.26,42.67,,,,,,4.76,33.3,6.76,25.49,21.79,20.3003003,76.54654655,65.43543544,9.3,1599.75,762.75,1.950377635,2.781014119,18.13851201,576.8,1089.8
15.3,1,15,3,G-3/S-5,30/50/20,0/100,4.29,2.86,7.1,0,5.01,2.09,3,12.85,8.57,21.25,0,14.99,6.26,42.67,,,,,,4.76,37.6,9.12,26.66,22.79,24.25531915,70.90425532,60.61170213,8.2,1164,426,2.148867318,2.198489846,17.62071201,412.5,795.8
15.4,1,15,4,G-3/S-5,30/50/20,0/100,4.29,2.86,7.1,0,5.01,2.09,3,12.85,8.57,21.25,0,14.99,6.26,42.67,,,,,,4.76,37.2,7.92,27.76,23.6,21.29032258,74.62365591,63.44086022,8.9,1311,510,3.280115037,3.368931959,29.19302383,495,970.5
16.1,2,16,1,G-1/S-1,10/70/20,100/0,1.43,2.86,9.96,7.01,0,9.96,3.04,4.36,8.71,30.31,21.34,0,30.31,43.39,,3.04,43.39,4.1,,4.1,31.1,6.83,22.9,19.85,21.96141479,73.63344051,63.82636656,13.1,1191.75,12.75,1.227,1.151,16.07921886,522.8,1040.3
16.2,2,16,2,G-1/S-1,10/70/20,100/0,1.43,2.86,9.96,7.01,0,9.96,3.04,4.36,8.71,30.31,21.34,0,30.31,43.39,,,,,,4.1,30.5,5.96,23.32,19.8,19.54098361,76.45901639,64.91803279,13.2,1080,-108,0.735,1.882,9.701757547,456,865.5
16.3,2,16,3,G-1/S-1,10/70/20,100/0,1.43,2.86,9.96,7.01,0,9.96,3.04,4.36,8.71,30.31,21.34,0,30.31,43.39,,,,,,4.1,32.9,3.99,27.21,23.02,12.12765957,82.70516717,69.96960486,11.9,1200,129,0.943,0.573,11.22646047,425.3,767.3
16.4,2,16,4,G-1/S-1,10/70/20,100/0,1.43,2.86,9.96,7.01,0,9.96,3.04,4.36,8.71,30.31,21.34,0,30.31,43.39,,,,,,4.1,36.5,10.53,24.53,20.91,28.84931507,67.20547945,57.28767123,13.8,1775.25,533.25,1.41,1.784,19.45929629,572.3,1080.8
17.1,2,17,1,G-1/S-2,10/70/20,75/25,1.43,2.86,9.96,5.25,1.75,8.21,3.18,4.54,9.09,31.62,16.69,5.56,26.06,45.25,,3.18,45.25,1.99,,1.99,36.7,10.3,24.9,21.49,28.0653951,67.84741144,58.55585831,12.4,1459.5,343.5,1.427,1.885,17.6979974,501,1041.8
17.2,2,17,2,G-1/S-2,10/70/20,75/25,1.43,2.86,9.96,5.25,1.75,8.21,3.18,4.54,9.09,31.62,16.69,5.56,26.06,45.25,,,,,,1.99,28.4,4.42,22.72,19.59,15.56338028,80,68.97887324,10.7,1126.5,163.5,0.497,0.819,5.315018478,443.3,852
17.3,2,17,3,G-1/S-2,10/70/20,75/25,1.43,2.86,9.96,5.25,1.75,8.21,3.18,4.54,9.09,31.62,16.69,5.56,26.06,45.25,,,,,,1.99,39.7,14.03,24.06,20.62,35.34005038,60.60453401,51.9395466,12.3,1259.25,152.25,1.908,2.733,23.47153546,510,1005
17.4,2,17,4,G-1/S-2,10/70/20,75/25,1.43,2.86,9.96,5.25,1.75,8.21,3.18,4.54,9.09,31.62,16.69,5.56,26.06,45.25,,,,,,1.99,37.7,12.12,23.91,20.77,32.14854111,63.42175066,55.0928382,13,1355.25,185.25,1.588,3.19,20.64752803,536.3,1049.3
18.1,2,18,1,G-1/S-3,10/70/20,50/50,1.43,2.86,9.96,3.5,3.5,6.45,3.83,5.48,10.97,38.15,13.42,13.42,24.72,54.59,,3.83,54.59,3.1,,3.1,36.6,7.88,26.79,23.14,21.53005464,73.19672131,63.22404372,10.2,1226.25,308.25,1.055,1.773,10.76481432,445.5,881.3
18.2,2,18,2,G-1/S-3,10/70/20,50/50,1.43,2.86,9.96,3.5,3.5,6.45,3.83,5.48,10.97,38.15,13.42,13.42,24.72,54.59,,,,,,3.1,40.6,14.36,24.58,21.27,35.36945813,60.54187192,52.38916256,13.4,1926.75,720.75,1.945,2.176,26.0579907,498.8,1041.8
18.3,2,18,3,G-1/S-3,10/70/20,50/50,1.43,2.86,9.96,3.5,3.5,6.45,3.83,5.48,10.97,38.15,13.42,13.42,24.72,54.59,,,,,,3.1,41.4,11.73,28.01,24.28,28.33333333,67.65700483,58.647343,12,1071,-9,2.466,3.985,29.59787472,477,936
18.4,2,18,4,G-1/S-3,10/70/20,50/50,1.43,2.86,9.96,3.5,3.5,6.45,3.83,5.48,10.97,38.15,13.42,13.42,24.72,54.59,,,,,,3.1,38,8.83,27.77,23.67,23.23684211,73.07894737,62.28947368,11.6,1185.75,141.75,2.165,3.182,25.11753094,469.5,939
19.1,2,19,1,G-1/S-4,10/70/20,25/75,1.43,2.86,9.96,1.75,5.25,4.7,3.35,4.79,9.59,33.35,5.87,17.6,15.75,47.73,,3.35,47.73,3.2,,3.2,33.8,8.36,24.15,20.77,24.73372781,71.44970414,61.44970414,10.5,1194.75,249.75,0.921,1.883,9.665407221,534,1035.8
19.2,2,19,2,G-1/S-4,10/70/20,25/75,1.43,2.86,9.96,1.75,5.25,4.7,3.35,4.79,9.59,33.35,5.87,17.6,15.75,47.73,,,,,,3.2,34.6,7.62,25.26,21.76,22.02312139,73.00578035,62.89017341,10.1,1223.25,314.25,0.713,1.328,7.204556811,489.8,1027.5
19.3,2,19,3,G-1/S-4,10/70/20,25/75,1.43,2.86,9.96,1.75,5.25,4.7,3.35,4.79,9.59,33.35,5.87,17.6,15.75,47.73,,,,,,3.2,30.9,6.03,23.53,19.97,19.51456311,76.14886731,64.62783172,10.8,1020,48,1.46,1.855,15.77188394,502.5,982.5
19.4,2,19,4,G-1/S-4,10/70/20,25/75,1.43,2.86,9.96,1.75,5.25,4.7,3.35,4.79,9.59,33.35,5.87,17.6,15.75,47.73,,,,,,3.2,36.1,9.91,24.45,21.22,27.45152355,67.72853186,58.78116343,11.3,1422,405,0.952,1.596,10.75277862,522,1021.5
20.1,2,20,1,G-1/S-5,10/70/20,0/100,1.43,2.87,9.95,0,7.01,2.95,3.11,4.44,8.9,30.92,0,21.76,9.16,44.26,,3.11,44.26,4.62,,4.62,37.1,10.01,25.27,21.62,26.98113208,68.11320755,58.27493261,11.5,1326,291,2.083,3.484,23.95637454,465,977.3
20.2,2,20,2,G-1/S-5,10/70/20,0/100,1.43,2.87,9.95,0,7.01,2.95,3.11,4.44,8.9,30.92,0,21.76,9.16,44.26,,,,,,4.62,36.1,8.34,26.13,22.42,23.10249307,72.38227147,62.10526316,8.9,1503.75,702.75,0.999,1.203,8.88726993,403.5,822.8
20.3,2,20,3,G-1/S-5,10/70/20,0/100,1.43,2.87,9.95,0,7.01,2.95,3.11,4.44,8.9,30.92,0,21.76,9.16,44.26,,,,,,4.62,32.5,8.72,22.3,19.35,26.83076923,68.61538462,59.53846154,9.9,1453.5,562.5,1.266,1.767,12.53581879,416.3,845.3
20.4,2,20,4,G-1/S-5,10/70/20,0/100,1.43,2.87,9.95,0,7.01,2.95,3.11,4.44,8.9,30.92,0,21.76,9.16,44.26,,,,,,4.62,34.2,7.68,25.03,21.55,22.45614035,73.1871345,63.01169591,11.5,1275.75,240.75,1.459,3.319,16.77533683,345.8,672.8
21.1,2,21,1,G-2/S-1,20/60/20,100/0,2.86,2.86,8.53,6.01,0,8.53,2.96,8.47,8.47,25.24,17.78,0,25.24,42.18,,2.96,42.18,4.98,,4.98,30.1,6.47,22.16,19.12,21.49501661,73.62126246,63.52159468,10.9,1569,588,0.806964292,1.098,8.795910784,426.8,843
21.2,2,21,2,G-2/S-1,20/60/20,100/0,2.86,2.86,8.53,6.01,0,8.53,2.96,8.47,8.47,25.24,17.78,0,25.24,42.18,,,,,,4.98,33.5,1.77,30.15,25.72,5.28358209,90,76.7761194,8,1200.75,480.75,1.413392858,0.653,11.30714286,293.3,559.5
21.3,2,21,3,G-2/S-1,20/60/20,100/0,2.86,2.86,8.53,6.01,0,8.53,2.96,8.47,8.47,25.24,17.78,0,25.24,42.18,,,,,,4.98,31.8,0.87,29.38,25.4,2.735849057,92.38993711,79.87421384,8.7,1101.75,318.75,0.564464285,0.716,4.910839279,361.5,613.5
21.4,2,21,4,G-2/S-1,20/60/20,100/0,2.86,2.86,8.53,6.01,0,8.53,2.96,8.47,8.47,25.24,17.78,0,25.24,42.18,,,,,,4.98,28.1,1.68,25.08,21.71,5.978647687,89.25266904,77.25978648,10,1125,225,0.622678598,0.495,6.226785982,294.8,540
22.1,2,22,1,G-2/S-2,20/60/20,75/25,2.86,2.86,8.53,4.5,1.5,7.02,3.47,9.92,9.92,29.56,15.61,5.21,24.35,49.4,,3.47,49.4,3.3,,3.3,44.1,14.72,27.31,23.78,33.37868481,61.92743764,53.92290249,10.8,1080,108,5.395535749,6.097678465,58.27178609,581.3,1187.3
22.2,2,22,2,G-2/S-2,20/60/20,75/25,2.86,2.86,8.53,4.5,1.5,7.02,3.47,9.92,9.92,29.56,15.61,5.21,24.35,49.4,,,,,,3.3,46.8,17.59,27.47,24.01,37.58547009,58.6965812,51.3034188,16.2,2102.25,644.25,5.941249906,8.278035529,96.24824848,546,1062
22.3,2,22,3,G-2/S-2,20/60/20,75/25,2.86,2.86,8.53,4.5,1.5,7.02,3.47,9.92,9.92,29.56,15.61,5.21,24.35,49.4,,,,,,3.3,37.1,9.83,25.75,22.08,26.49595687,69.40700809,59.5148248,12.6,1193.25,59.25,2.191250076,2.339,27.60975096,410.3,855.8
22.4,2,22,4,G-2/S-2,20/60/20,75/25,2.86,2.86,8.53,4.5,1.5,7.02,3.47,9.92,9.92,29.56,15.61,5.21,24.35,49.4,,,,,,3.3,37.1,11.17,24.61,21.15,30.10781671,66.33423181,57.00808625,12.4,1394.25,278.25,2.583392866,3.053,32.03407154,422.3,846
23.1,2,23,1,G-2/S-3,20/60/20,50/50,2.86,2.86,8.53,3,3,5.52,3.71,10.62,10.62,31.64,11.14,11.14,20.5,52.88,,3.71,52.88,2.96,,2.96,38.6,13.22,23.64,20.29,34.24870466,61.24352332,52.56476684,12.6,1649.25,515.25,2.775535676,2.945,34.97174952,657.8,1301.3
23.2,2,23,2,G-2/S-3,20/60/20,50/50,2.86,2.86,8.53,3,3,5.52,3.71,10.62,10.62,31.64,11.14,11.14,20.5,52.88,,,,,,2.96,32.7,7.93,23.3,19.87,24.25076453,71.25382263,60.76452599,10.7,1673.25,710.25,1.533035665,2.013035807,16.40348161,458.3,921.8
23.3,2,23,3,G-2/S-3,20/60/20,50/50,2.86,2.86,8.53,3,3,5.52,3.71,10.62,10.62,31.64,11.14,11.14,20.5,52.88,,,,,,2.96,40.3,10.08,28.52,24.5,25.01240695,70.76923077,60.79404467,8.9,1110,309,1.826964369,4.484,16.25998288,264,524.3
23.4,2,23,4,G-2/S-3,20/60/20,50/50,2.86,2.86,8.53,3,3,5.52,3.71,10.62,10.62,31.64,11.14,11.14,20.5,52.88,,,,,,2.96,44.7,14.58,28.42,24.17,32.61744966,63.57941834,54.07158837,12.3,1671,564,5.600535707,6.716249933,68.88658919,534.8,1040.3
24.1,2,24,1,G-2/S-4,20/60/20,25/75,2.86,2.86,8.53,1.5,4.5,4.02,3.29,9.4,9.41,28.03,4.94,14.81,13.22,46.85,,3.29,46.85,4.24,,4.24,40.1,11.47,27.59,23.56,28.60349127,68.80299252,58.75311721,11.9,1804.5,733.5,2.070178567,2.966,24.63512495,521.3,1047
24.2,2,24,2,G-2/S-4,20/60/20,25/75,2.86,2.86,8.53,1.5,4.5,4.02,3.29,9.4,9.41,28.03,4.94,14.81,13.22,46.85,,,,,,4.24,34.8,9.24,24.11,20.54,26.55172414,69.2816092,59.02298851,10.2,1140,222,1.932678528,3.291,19.71332099,465.8,953.3
24.3,2,24,3,G-2/S-4,20/60/20,25/75,2.86,2.86,8.53,1.5,4.5,4.02,3.29,9.4,9.41,28.03,4.94,14.81,13.22,46.85,,,,,,4.24,35.5,9.38,24.65,20.95,26.42253521,69.43661972,59.01408451,11.8,1257,195,3.302678516,4.962321527,38.97160649,396,767.3
24.4,2,24,4,G-2/S-4,20/60/20,25/75,2.86,2.86,8.53,1.5,4.5,4.02,3.29,9.4,9.41,28.03,4.94,14.81,13.22,46.85,,,,,,4.24,35.1,8.43,25.22,21.24,24.01709402,71.85185185,60.51282051,10.9,1144.5,163.5,1.193749955,2.623,13.01187451,439.5,858
25.1,2,25,1,G-2/S-5,20/60/20,0/100,2.86,2.86,8.53,0,6.01,2.52,3.07,8.78,8.79,26.18,0,18.44,7.74,43.76,,3.07,43.76,4.34,,4.34,29.8,4.05,24.08,21.15,13.59060403,80.80536913,70.97315436,10.5,1142.25,197.25,0.503035738,0.77,5.28187525,413.3,827.3
25.2,2,25,2,G-2/S-5,20/60/20,0/100,2.86,2.86,8.53,0,6.01,2.52,3.07,8.78,8.79,26.18,0,18.44,7.74,43.76,,,,,,4.34,36.5,8.81,26.24,22.32,24.1369863,71.89041096,61.15068493,8.6,1207.5,433.5,0.901249953,1.534821462,7.750749593,400.5,798
25.3,2,25,3,G-2/S-5,20/60/20,0/100,2.86,2.86,8.53,0,6.01,2.52,3.07,8.78,8.79,26.18,0,18.44,7.74,43.76,,,,,,4.34,35.6,10.73,23.37,19.99,30.14044944,65.64606742,56.15168539,11,1299.75,309.75,1.770178598,1.65,19.47196458,369,761.3
25.4,2,25,4,G-2/S-5,20/60/20,0/100,2.86,2.86,8.53,0,6.01,2.52,3.07,8.78,8.79,26.18,0,18.44,7.74,43.76,,,,,,4.34,32.3,5.81,25.01,21.72,17.9876161,77.43034056,67.24458204,8.7,1300.5,517.5,0.770892838,1.118035665,6.706767694,429,849
26.1,2,26,1,G-3/S-1,30/50/20,100/0,4.29,2.86,7.1,5.01,0,7.1,2.49,10.68,7.12,17.66,12.46,0,17.66,35.46,,2.49,35.46,3.1,,3.1,30.3,4.84,23.94,20.63,15.97359736,79.00990099,68.08580858,9.1,1197.75,378.75,1.006669975,1.348,9.160696773,426,828.8
26.2,2,26,2,G-3/S-1,30/50/20,100/0,4.29,2.86,7.1,5.01,0,7.1,2.49,10.68,7.12,17.66,12.46,0,17.66,35.46,,,,,,3.1,29.3,5.52,22.32,19.21,18.83959044,76.1774744,65.56313993,10.3,1471.5,544.5,0.760622502,1.194,7.834411772,408.8,835.5
26.3,2,26,3,G-3/S-1,30/50/20,100/0,4.29,2.86,7.1,5.01,0,7.1,2.49,10.68,7.12,17.66,12.46,0,17.66,35.46,,,,,,3.1,33.9,7.88,24.17,21.01,23.24483776,71.2979351,61.97640118,10,1642.5,742.5,1.399456486,1.889,13.99456486,584.3,1227
26.4,2,26,4,G-3/S-1,30/50/20,100/0,4.29,2.86,7.1,5.01,0,7.1,2.49,10.68,7.12,17.66,12.46,0,17.66,35.46,,,,,,3.1,31.2,4.79,24.53,20.86,15.3525641,78.62179487,66.85897436,9.2,1090.5,262.5,0.811511882,0.576,7.465909312,385.5,834.8
27.1,2,27,1,G-3/S-2,30/50/20,75/25,4.29,2.86,7.09,3.75,1.25,5.84,3.35,14.36,9.57,23.72,12.56,4.19,19.53,47.65,,3.35,47.65,6.09,,6.09,35,7.04,26.7,22.85,20.11428571,76.28571429,65.28571429,11,1326.75,336.75,2.361907174,2.729,25.98097891,419.3,838.5
27.2,2,27,2,G-3/S-2,30/50/20,75/25,4.29,2.86,7.09,3.75,1.25,5.84,3.35,14.36,9.57,23.72,12.56,4.19,19.53,47.65,,,,,,6.09,28.3,2.09,25.09,21.61,7.385159011,88.65724382,76.36042403,6.5,941.25,356.25,0.486907121,1.013,3.164896289,227.3,425.3
27.3,2,27,3,G-3/S-2,30/50/20,75/25,4.29,2.86,7.09,3.75,1.25,5.84,3.35,14.36,9.57,23.72,12.56,4.19,19.53,47.65,,,,,,6.09,39,11.79,25.85,21.93,30.23076923,66.28205128,56.23076923,8.9,1224,423,1.78532603,3.568,15.88940167,636.8,1282.5
27.4,2,27,4,G-3/S-2,30/50/20,75/25,4.29,2.86,7.09,3.75,1.25,5.84,3.35,14.36,9.57,23.72,12.56,4.19,19.53,47.65,,,,,,6.09,33.8,3.14,28.59,24.39,9.289940828,84.58579882,72.15976331,5.9,786.75,255.75,0.365859673,0.819,2.158572073,212.3,410.3
28.1,2,28,1,G-3/S-3,30/50/20,50/50,4.29,2.86,7.1,2.5,2.5,4.59,3.58,15.35,10.24,25.38,8.95,8.96,16.43,50.97,,3.58,50.97,4.63,,4.63,30.9,1.79,27.73,23.88,5.792880259,89.74110032,77.2815534,8,1032,312,1.378705588,1.494,11.0296447,348.8,668.3
28.2,2,28,2,G-3/S-3,30/50/20,50/50,4.29,2.86,7.1,2.5,2.5,4.59,3.58,15.35,10.24,25.38,8.95,8.96,16.43,50.97,,,,,,4.63,36.6,8.21,27.16,23.3,22.43169399,74.20765027,63.66120219,8.7,1233,450,1.799160109,2.901,15.65269295,459.8,906
28.3,2,28,3,G-3/S-3,30/50/20,50/50,4.29,2.86,7.1,2.5,2.5,4.59,3.58,15.35,10.24,25.38,8.95,8.96,16.43,50.97,,,,,,4.63,35.8,4.22,30.48,26.23,11.7877095,85.1396648,73.26815642,6.9,978,357,5.551136149,3.074,38.30283943,318,593.3
28.4,2,28,4,G-3/S-3,30/50/20,50/50,4.29,2.86,7.1,2.5,2.5,4.59,3.58,15.35,10.24,25.38,8.95,8.96,16.43,50.97,,,,,,4.63,40.8,13.48,25.75,22.03,33.03921569,63.1127451,53.99509804,10.6,1672.5,718.5,2.472578923,1.602,26.20933658,552,1152
29.1,2,29,1,G-3/S-4,30/50/20,25/75,4.29,2.86,7.1,1.25,3.75,3.34,3.24,13.92,9.28,23.01,4.06,12.18,10.83,46.21,,3.24,46.21,3.36,,3.36,32.9,7.71,23.59,20.6,23.43465046,71.70212766,62.61398176,10.9,1538.25,557.25,1.31744076,2.256,14.36010428,523.5,894
29.2,2,29,2,G-3/S-4,30/50/20,25/75,4.29,2.86,7.1,1.25,3.75,3.34,3.24,13.92,9.28,23.01,4.06,12.18,10.83,46.21,,,,,,3.36,40.3,13.1,26.81,23.09,32.50620347,66.52605459,57.29528536,7.5,1058.25,383.25,3.323863709,6.681,24.92897782,397.5,750
29.3,2,29,3,G-3/S-4,30/50/20,25/75,4.29,2.86,7.1,1.25,3.75,3.34,3.24,13.92,9.28,23.01,4.06,12.18,10.83,46.21,,,,,,3.36,38.9,12.61,24.7,21.09,32.41645244,63.49614396,54.2159383,10,1737.75,837.75,2.566452704,1.672,25.66452704,570.8,1190.3
29.4,2,29,4,G-3/S-4,30/50/20,25/75,4.29,2.86,7.1,1.25,3.75,3.34,3.24,13.92,9.28,23.01,4.06,12.18,10.83,46.21,,,,,,3.36,34.4,8.44,24.78,20.88,24.53488372,72.03488372,60.69767442,8.7,1295.25,512.25,1.912302329,1.994,16.63703027,494.3,985.5
30.1,2,30,2,G-3/S-5,30/50/20,0/100,4.29,2.86,7.1,0,5.01,2.09,2.67,11.46,7.64,18.94,0,13.36,5.58,38.04,,2.67,38.04,4.21,,4.21,,,,,,,,,,,,,,,
30.2,2,30,2,G-3/S-5,30/50/20,0/100,4.29,2.86,7.1,0,5.01,2.09,2.67,11.46,7.64,18.94,0,13.36,5.58,38.04,,,,,,4.21,33.8,6.23,25.64,21.94,18.43195266,75.85798817,64.9112426,8.7,1276.5,493.5,0.845602705,1.662,7.356743536,534.8,973.5
30.3,2,30,2,G-3/S-5,30/50/20,0/100,4.29,2.86,7.1,0,5.01,2.09,2.67,11.46,7.64,18.94,0,13.36,5.58,38.04,,,,,,4.21,,,,,,,,,,,,,,,
30.4,2,30,4,G-3/S-5,30/50/20,0/100,4.29,2.86,7.1,0,5.01,2.09,2.67,11.46,7.64,18.94,0,13.36,5.58,38.04,,,,,,4.21,28.6,5.64,21.88,18.6,19.72027972,76.5034965,65.03496503,8.4,1159.5,403.5,0.449851791,0.942,3.778755047,414,742.7
31.1,3,31,1,G-1/S-1,10/70/20,100/0,1.43,2.86,9.96,7.01,0,9.96,2.93,4.2,8.39,29.2,20.55,0,29.2,41.78,,2.93,41.78,4.29,,4.29,32.7,4.9,26.06,22.84,14.98470948,79.6941896,69.8470948,10.2,1119.75,201.75,0.475811668,0.853084395,4.85327901,441,900
31.2,3,31,2,G-1/S-1,10/70/20,100/0,1.43,2.86,9.96,7.01,0,9.96,2.93,4.2,8.39,29.2,20.55,0,29.2,41.78,,,,,,4.29,29.4,4.49,23.39,20.31,15.27210884,79.55782313,69.08163265,10,944.25,44.25,0.325811693,0.549188324,3.258116926,411.8,879.8
31.3,3,31,3,G-1/S-1,10/70/20,100/0,1.43,2.86,9.96,7.01,0,9.96,2.93,4.2,8.39,29.2,20.55,0,29.2,41.78,,,,,,4.29,23.7,2.22,20.12,17.53,9.367088608,84.89451477,73.96624473,9.7,994.5,121.5,0.140097408,0.303409103,1.358944857,266.3,548.3
31.4,3,31,4,G-1/S-1,10/70/20,100/0,1.43,2.86,9.96,7.01,0,9.96,2.93,4.2,8.39,29.2,20.55,0,29.2,41.78,,,,,,4.29,30.4,5.31,23.47,20.64,17.46710526,77.20394737,67.89473684,10.4,1074,138,0.300162343,0.956655884,3.12168837,338.3,690.8
32.1,3,32,1,G-1/S-2,10/70/20,75/25,1.43,2.86,9.96,5.25,1.75,8.21,3.73,5.33,10.67,37.12,19.59,6.53,30.59,53.12,,3.73,53.12,4.62,,4.62,42,13.04,27.41,23.71,31.04761905,65.26190476,56.45238095,14.2,1644.75,366.75,1.797564985,2.066071331,25.52542279,530.3,1071.8
32.2,3,32,2,G-1/S-2,10/70/20,75/25,1.43,2.86,9.96,5.25,1.75,8.21,3.73,5.33,10.67,37.12,19.59,6.53,30.59,53.12,,,,,,4.62,34.9,9.27,24.15,20.7,26.56160458,69.19770774,59.31232092,11,1143.75,153.75,1.038798728,1.655681741,11.42678601,375,747
32.3,3,32,3,G-1/S-2,10/70/20,75/25,1.43,2.86,9.96,5.25,1.75,8.21,3.73,5.33,10.67,37.12,19.59,6.53,30.59,53.12,,,,,,4.62,34.8,3.32,29.65,25.88,9.540229885,85.20114943,74.36781609,9.8,1092.75,210.75,0.74821428,1.449188319,7.332499945,387.8,754.5
32.4,3,32,4,G-1/S-2,10/70/20,75/25,1.43,2.86,9.96,5.25,1.75,8.21,3.73,5.33,10.67,37.12,19.59,6.53,30.59,53.12,,,,,,4.62,32.5,2.25,28.96,25.33,6.923076923,89.10769231,77.93846154,10.2,1143,225,0.293344143,1.183603858,2.992110256,376.5,684.8
33.1,3,33,1,G-1/S-3,10/70/20,50/50,1.43,2.86,9.96,3.5,3.5,6.45,3.8,5.43,10.86,37.78,13.3,13.3,24.49,54.08,,3.8,54.08,6.12,,6.12,33.7,3.67,28.51,24.82,10.89020772,84.59940653,73.64985163,8.3,967.5,220.5,0.392370148,0.538149369,3.25667223,375,751.5
33.2,3,33,2,G-1/S-3,10/70/20,50/50,1.43,2.86,9.96,3.5,3.5,6.45,3.8,5.43,10.86,37.78,13.3,13.3,24.49,54.08,,,,,,6.12,40.1,9.22,29.17,24.59,22.9925187,72.74314214,61.32169576,9.5,966,111,1.459253279,3.31477277,13.86290615,384,783.8
33.3,3,33,3,G-1/S-3,10/70/20,50/50,1.43,2.86,9.96,3.5,3.5,6.45,3.8,5.43,10.86,37.78,13.3,13.3,24.49,54.08,,,,,,6.12,34.3,9.61,23.17,20.13,28.01749271,67.55102041,58.68804665,11.8,1188,126,1.05470775,2.224188327,12.44555145,384,769.5
33.4,3,33,4,G-1/S-3,10/70/20,50/50,1.43,2.86,9.96,3.5,3.5,6.45,3.8,5.43,10.86,37.78,13.3,13.3,24.49,54.08,,,,,,6.12,38.5,11.8,25.18,21.99,30.64935065,65.4025974,57.11688312,11.4,1560.75,534.75,0.816396091,1.318344125,9.306915441,458.3,924.8
34.1,3,34,1,G-1/S-4,10/70/20,25/75,1.43,2.86,9.96,1.75,5.25,4.7,3.76,5.38,10.76,37.43,6.58,19.75,17.67,53.57,,3.76,53.57,4.64,,4.64,35.8,9.47,24.59,21.8,26.45251397,68.68715084,60.89385475,9.7,1394.25,521.25,0.689123338,1.55405853,6.684496382,429,890.3
34.2,3,34,2,G-1/S-4,10/70/20,25/75,1.43,2.86,9.96,1.75,5.25,4.7,3.76,5.38,10.76,37.43,6.58,19.75,17.67,53.57,,,,,,4.64,34.5,4.6,28.22,24.8,13.33333333,81.79710145,71.88405797,6.8,859.5,247.5,1.408279213,2.311850697,9.576298646,323.3,640.5
34.3,3,34,3,G-1/S-4,10/70/20,25/75,1.43,2.86,9.96,1.75,5.25,4.7,3.76,5.38,10.76,37.43,6.58,19.75,17.67,53.57,,,,,,4.64,38.2,8.8,27.84,24.27,23.03664921,72.87958115,63.53403141,10.7,1197.75,234.75,1.85308439,2.546266282,19.82800297,415.5,834.8
34.4,3,34,4,G-1/S-4,10/70/20,25/75,1.43,2.86,9.96,1.75,5.25,4.7,3.76,5.38,10.76,37.43,6.58,19.75,17.67,53.57,,,,,,4.64,30.2,2.33,26.23,22.98,7.715231788,86.85430464,76.09271523,8.4,891.75,135.75,0.198538964,0.394318185,1.667727296,289.5,523.5
35.1,3,35,1,G-1/S-5,10/70/20,0/100,1.43,2.87,9.95,0,7.01,2.95,2.99,4.28,8.57,29.76,0,20.95,8.82,42.61,,2.99,42.61,3.04,,3.04,27.5,4.49,21.71,18.66,16.32727273,78.94545455,67.85454545,9.5,1147.5,292.5,0.482305187,1.933603879,4.581899279,437.3,849
35.2,3,35,2,G-1/S-5,10/70/20,0/100,1.43,2.87,9.95,0,7.01,2.95,2.99,4.28,8.57,29.76,0,20.95,8.82,42.61,,,,,,3.04,32.9,7.85,23.51,20.73,23.86018237,71.45896657,63.00911854,9.5,1100.25,245.25,0.74204549,0.616071412,7.049432151,439.5,863.3
35.3,3,35,3,G-1/S-5,10/70/20,0/100,1.43,2.87,9.95,0,7.01,2.95,2.99,4.28,8.57,29.76,0,20.95,8.82,42.61,,,,,,3.04,32.4,7.22,23.72,20.22,22.28395062,73.20987654,62.40740741,10.1,1302,393,0.665422074,0.761850681,6.720762946,396.8,701.3
35.4,3,35,3,G-1/S-5,10/70/20,0/100,1.43,2.87,9.95,0,7.01,2.95,2.99,4.28,8.57,29.76,0,20.95,8.82,42.61,,,,,,3.04,,,,,,,,,,,,,,,
36.1,3,36,1,G-2/S-1,20/60/20,100/0,2.86,2.86,8.53,6.01,0,8.53,3.36,9.6,9.61,28.62,20.16,0,28.62,47.84,,3.36,47.84,5.7,,5.7,34.1,4.8,27.65,24.25,14.07624633,81.08504399,71.1143695,10.4,1170.75,234.75,0.845057,1.244297,8.7885928,357.8,759.8
36.2,3,36,2,G-2/S-1,20/60/20,100/0,2.86,2.86,8.53,6.01,0,8.53,3.36,9.6,9.61,28.62,20.16,0,28.62,47.84,,,,,,5.7,30.5,1.52,27.85,24.33,4.983606557,91.31147541,79.7704918,9.2,996.75,168.75,0.388783,0.589829,3.5768036,310.5,625.5
36.3,3,36,3,G-2/S-1,20/60/20,100/0,2.86,2.86,8.53,6.01,0,8.53,3.36,9.6,9.61,28.62,20.16,0,28.62,47.84,,,,,,5.7,30.9,0.25,29.04,25.64,0.809061489,93.98058252,82.97734628,7.7,798,105,0.286122,0.249049,2.2031394,315.8,609.8
36.4,3,36,4,G-2/S-1,20/60/20,100/0,2.86,2.86,8.53,6.01,0,8.53,3.36,9.6,9.61,28.62,20.16,0,28.62,47.84,,,,,,5.7,32.6,4.65,26.02,22.92,14.26380368,79.81595092,70.30674847,10.4,1153.5,217.5,0.525665,0.718156,5.466916,419.3,887.3
37.1,3,37,1,G-2/S-2,20/60/20,75/25,2.86,2.86,8.53,4.5,1.5,7.02,3.46,9.89,9.9,29.49,15.57,5.19,24.29,49.27,,3.46,49.27,4.28,,4.28,37.1,7,28.46,24.55,18.86792453,76.7115903,66.17250674,10.3,1101,174,1.06654,1.317015,10.985362,429.8,894
37.2,3,37,2,G-2/S-2,20/60/20,75/25,2.86,2.86,8.53,4.5,1.5,7.02,3.46,9.89,9.9,29.49,15.57,5.19,24.29,49.27,,,,,,4.28,33.6,4.79,27.11,23.98,14.25595238,80.68452381,71.36904762,11.4,1585.5,559.5,0.838403,1.266635,9.5577942,422.3,849
37.3,3,37,3,G-2/S-2,20/60/20,75/25,2.86,2.86,8.53,4.5,1.5,7.02,3.46,9.89,9.9,29.49,15.57,5.19,24.29,49.27,,,,,,4.28,33.6,8.42,23.94,20.94,25.05952381,71.25,62.32142857,11.6,1375.5,331.5,0.901616,1.507129,10.4587456,559.5,1166.3
37.4,3,37,4,G-2/S-2,20/60/20,75/25,2.86,2.86,8.53,4.5,1.5,7.02,3.46,9.89,9.9,29.49,15.57,5.19,24.29,49.27,,,,,,4.28,33.4,8.18,23.97,20.7,24.49101796,71.76646707,61.9760479,11.7,1293,240,1.158745,1.571293,13.5573165,418.5,927.8
38.1,3,38,1,G-2/S-3,20/60/20,50/50,2.86,2.86,8.53,3,3,5.52,3.5,10.01,10.02,29.84,10.51,10.51,19.34,49.87,,3.5,49.87,2.49,,2.49,34.7,7.21,25.93,22.28,20.77809798,74.72622478,64.2074928,10.9,1179,198,2.082224,1.838878,22.6962416,489.8,971.3
38.2,3,38,2,G-2/S-3,20/60/20,50/50,2.86,2.86,8.53,3,3,5.52,3.5,10.01,10.02,29.84,10.51,10.51,19.34,49.87,,,,,,2.49,43.7,14.2,27.84,24.13,32.49427918,63.70709382,55.2173913,11.3,1382.25,365.25,3.954848,4.842681,44.6897824,680.3,1431.8
38.3,3,38,3,G-2/S-3,20/60/20,50/50,2.86,2.86,8.53,3,3,5.52,3.5,10.01,10.02,29.84,10.51,10.51,19.34,49.87,,,,,,2.49,33.8,5.94,26.08,22.61,17.5739645,77.15976331,66.89349112,10.3,1440,513,3.945818,3.280418,40.6419254,756.8,1607.3
38.4,3,38,4,G-2/S-3,20/60/20,50/50,2.86,2.86,8.53,3,3,5.52,3.5,10.01,10.02,29.84,10.51,10.51,19.34,49.87,,,,,,2.49,37.5,12.12,23.61,20.05,32.32,62.96,53.46666667,10.3,1419,492,1.623099,2.871673,16.7179197,563.3,1224
39.1,3,39,1,G-2/S-4,20/60/20,25/75,2.86,2.86,8.53,1.5,4.5,4.02,3.54,10.14,10.14,30.22,5.32,15.96,14.26,50.5,,3.54,50.5,3.73,,3.73,36.2,8.59,26.64,23.07,23.72928177,73.59116022,63.72928177,9.7,1286.25,413.25,1.029468,2.403042,9.9858396,498,988.5
39.2,3,39,2,G-2/S-4,20/60/20,25/75,2.86,2.86,8.53,1.5,4.5,4.02,3.54,10.14,10.14,30.22,5.32,15.96,14.26,50.5,,,,,,3.73,36.1,9.5,24.85,21.58,26.31578947,68.8365651,59.77839335,9.6,1052.25,188.25,1.734316,3.432034,16.6494336,456.8,934.5
39.3,3,39,3,G-2/S-4,20/60/20,25/75,2.86,2.86,8.53,1.5,4.5,4.02,3.54,10.14,10.14,30.22,5.32,15.96,14.26,50.5,,,,,,3.73,38.2,9.91,26.49,23.2,25.94240838,69.34554974,60.73298429,10.3,1127.25,200.25,1.165874,2.644487,12.0085022,501.8,981.8
39.4,3,39,4,G-2/S-4,20/60/20,25/75,2.86,2.86,8.53,1.5,4.5,4.02,3.54,10.14,10.14,30.22,5.32,15.96,14.26,50.5,,,,,,3.73,36.5,11.09,24.22,20.64,30.38356164,66.35616438,56.54794521,11.2,1311,303,2.997623,2.148289,33.5733776,606.8,1215
40.1,3,40,1,G-2/S-5,20/60/20,0/100,2.86,2.86,8.53,0,6.01,2.52,3.29,9.41,9.42,28.05,0,19.76,8.29,46.87,,3.29,46.87,4.71,,4.71,30.7,2.94,26.21,22.74,9.576547231,85.37459283,74.07166124,8.7,1068.75,285.75,1.031369,1.40827,8.9729103,319.5,686.3
40.2,3,40,2,G-2/S-5,20/60/20,0/100,2.86,2.86,8.53,0,6.01,2.52,3.29,9.41,9.42,28.05,0,19.76,8.29,46.87,,,,,,4.71,36.2,6.94,27.41,23.32,19.17127072,75.71823204,64.4198895,10.7,985.5,22.5,1.143536,1.137833,12.2358352,383.3,833.3
40.3,3,40,3,G-2/S-5,20/60/20,0/100,2.86,2.86,8.53,0,6.01,2.52,3.29,9.41,9.42,28.05,0,19.76,8.29,46.87,,,,,,4.71,33.3,5.79,26.11,22.4,17.38738739,78.40840841,67.26726727,9.6,1228.5,364.5,1.573669,1.803707,15.1072224,391.5,786
40.4,3,40,4,G-2/S-5,20/60/20,0/100,2.86,2.86,8.53,0,6.01,2.52,3.29,9.41,9.42,28.05,0,19.76,8.29,46.87,,,,,,4.71,38.8,12.84,24.02,20.63,33.09278351,61.90721649,53.17010309,10,1175.25,275.25,1.754753,3.804658,17.54753,470.3,986.3
41.1,3,41,1,G-3/S-1,30/50/20,100/0,4.29,2.86,7.1,5.01,0,7.1,3.36,14.41,9.61,23.82,16.81,0,23.82,47.84,,3.36,47.84,5.94,,5.94,30.5,2.76,26.53,22.87,9.049180328,86.98360656,74.98360656,10.2,1182,264,0.50709709,5.839056857,5.172390323,395.3,823.5
41.2,3,41,2,G-3/S-1,30/50/20,100/0,4.29,2.86,7.1,5.01,0,7.1,3.36,14.41,9.61,23.82,16.81,0,23.82,47.84,,,,,,5.94,29.8,1.95,26.14,22.7,6.543624161,87.71812081,76.17449664,9.2,1170.75,342.75,0.56204212,0.51625455,5.170787507,399.8,810
41.3,3,41,3,G-3/S-1,30/50/20,100/0,4.29,2.86,7.1,5.01,0,7.1,3.36,14.41,9.61,23.82,16.81,0,23.82,47.84,,,,,,5.94,31.2,0.73,28.83,25.07,2.33974359,92.40384615,80.3525641,10.8,1255.5,283.5,0.205357139,0.282738105,2.217857101,286.5,482.3
41.4,3,41,4,G-3/S-1,30/50/20,100/0,4.29,2.86,7.1,5.01,0,7.1,3.36,14.41,9.61,23.82,16.81,0,23.82,47.84,,,,,,5.94,32.8,3.57,27.76,24,10.88414634,84.63414634,73.17073171,10.2,1031.25,113.25,0.934294892,0.769459734,9.529807897,403.5,757.5
42.1,3,42,1,G-3/S-2,30/50/20,75/25,4.29,2.86,7.09,3.75,1.25,5.84,3,12.88,8.59,21.28,11.26,3.76,17.52,42.74,,3,42.74,3.19,,3.19,37.9,11.41,25.21,21.66,30.1055409,66.5171504,57.15039578,13,1513.5,343.5,2.581730703,1.35004575,33.56249914,474,939
42.2,3,42,2,G-3/S-2,30/50/20,75/25,4.29,2.86,7.09,3.75,1.25,5.84,3,12.88,8.59,21.28,11.26,3.76,17.52,42.74,,,,,,3.19,37,11.56,24.57,20.97,31.24324324,66.40540541,56.67567568,13,1439.25,269.25,2.078525585,1.238782109,27.02083261,514.5,1051.5
42.3,3,42,3,G-3/S-2,30/50/20,75/25,4.29,2.86,7.09,3.75,1.25,5.84,3,12.88,8.59,21.28,11.26,3.76,17.52,42.74,,,,,,3.19,37.5,8.42,27.74,23.72,22.45333333,73.97333333,63.25333333,12.9,1269.75,108.75,1.762591629,1.40132785,22.73743202,402.8,777.8
42.4,3,42,4,G-3/S-2,30/50/20,75/25,4.29,2.86,7.09,3.75,1.25,5.84,3,12.88,8.59,21.28,11.26,3.76,17.52,42.74,,,,,,3.19,32.4,6.11,25.73,21.77,18.85802469,79.41358025,67.19135802,11.2,1218.75,210.75,0.69345235,0.398122729,7.766666316,382.5,730.5
43.1,3,43,1,G-3/S-3,30/50/20,50/50,4.29,2.86,7.1,2.5,2.5,4.59,3.79,16.25,10.84,26.86,9.48,9.48,17.38,53.95,,3.79,53.95,5.53,,5.53,38,8.51,28.2,24.32,22.39473684,74.21052632,64,10.7,1323.75,360.75,1.452151999,3.416437805,15.53802639,429,805.5
43.2,3,43,2,G-3/S-3,30/50/20,50/50,4.29,2.86,7.1,2.5,2.5,4.59,3.79,16.25,10.84,26.86,9.48,9.48,17.38,53.95,,,,,,5.53,42.4,10.76,30.11,25.88,25.37735849,71.01415094,61.03773585,12.9,1371,210,1.799221604,3.042353433,23.20995869,469.5,897
43.3,3,43,3,G-3/S-3,30/50/20,50/50,4.29,2.86,7.1,2.5,2.5,4.59,3.79,16.25,10.84,26.86,9.48,9.48,17.38,53.95,,,,,,5.53,35.5,5.56,28.36,24.3,15.66197183,79.88732394,68.45070423,12.2,1483.5,385.5,2.04464291,1.043727137,24.9446435,412.5,805.5
43.4,3,43,4,G-3/S-3,30/50/20,50/50,4.29,2.86,7.1,2.5,2.5,4.59,3.79,16.25,10.84,26.86,9.48,9.48,17.38,53.95,,,,,,5.53,35.9,8.01,26.54,22.47,22.31197772,73.9275766,62.59052925,12.5,1266.75,141.75,1.461309527,1.605082398,18.26636909,454.5,868.5
44.1,3,44,1,G-3/S-4,30/50/20,25/75,4.29,2.86,7.1,1.25,3.75,3.34,3.49,14.98,9.99,24.76,4.37,13.1,11.66,49.72,,3.49,49.72,3.98,,3.98,37.9,12.12,24.38,20.99,31.97889182,64.32717678,55.38258575,10.4,1216.5,280.5,1.499313219,2.048305976,15.59285748,508.5,970.5
44.2,3,44,2,G-3/S-4,30/50/20,25/75,4.29,2.86,7.1,1.25,3.75,3.34,3.49,14.98,9.99,24.76,4.37,13.1,11.66,49.72,,,,,,3.98,35.5,8.64,25.72,21.81,24.33802817,72.45070423,61.43661972,10.8,1577.25,605.25,2.060668481,2.531364505,22.2552196,432.8,888.8
44.3,3,44,3,G-3/S-4,30/50/20,25/75,4.29,2.86,7.1,1.25,3.75,3.34,3.49,14.98,9.99,24.76,4.37,13.1,11.66,49.72,,,,,,3.98,42.7,12.04,28.96,24.81,28.19672131,67.82201405,58.1030445,9.2,1299,471,3.380723324,3.029990927,31.10265459,420,849.8
44.4,3,44,4,G-3/S-4,30/50/20,25/75,4.29,2.86,7.1,1.25,3.75,3.34,3.49,14.98,9.99,24.76,4.37,13.1,11.66,49.72,,,,,,3.98,41.6,12.2,28.06,23.79,29.32692308,67.45192308,57.1875,10.3,1253.25,326.25,2.807463372,3.568452301,28.91687273,541.5,1028.3
45.1,3,45,1,G-3/S-5,30/50/20,0/100,4.29,2.86,7.1,0,5.01,2.09,2.95,12.68,8.45,20.96,0,14.78,6.17,42.09,,2.95,42.09,4.49,,4.49,37.3,10.82,25.23,21.59,29.0080429,67.64075067,57.88203753,9.8,1160.25,278.25,0.977335231,1.750228988,9.577885266,432.8,812.3
45.2,3,45,2,G-3/S-5,30/50/20,0/100,4.29,2.86,7.1,0,5.01,2.09,2.95,12.68,8.45,20.96,0,14.78,6.17,42.09,,,,,,4.49,32.1,6.7,24.28,20.68,20.87227414,75.63862928,64.42367601,10.6,1128.75,174.75,0.914606255,1.332646461,9.694826304,408.8,759.8
45.3,3,45,3,G-3/S-5,30/50/20,0/100,4.29,2.86,7.1,0,5.01,2.09,2.95,12.68,8.45,20.96,0,14.78,6.17,42.09,,,,,,4.49,37.6,8.29,27.38,23.26,22.04787234,72.81914894,61.86170213,8.4,1284,528,2.494734394,1.879807684,20.95576891,361.5,674.3
45.4,3,45,4,G-3/S-5,30/50/20,0/100,4.29,2.86,7.1,0,5.01,2.09,2.95,12.68,8.45,20.96,0,14.78,6.17,42.09,,,,,,4.49,31.3,4.58,25.25,21.76,14.63258786,80.67092652,69.52076677,11.7,1186.5,133.5,0.751602562,0.956730828,8.793749975,361.5,743.3
46.1,4,46,1,G-1/S-1,10/70/20,100/0,1.43,2.86,9.96,7.01,0,9.96,3.26,4.66,9.32,32.42,22.82,0,32.42,46.4,,3.26,46.4,3.09,,3.09,36.7,10.98,24.09,21.01,29.91825613,65.64032698,57.2479564,13,1599,429,1.199933524,1.317502548,15.59913582,531.8,1028.3
46.2,4,46,2,G-1/S-1,10/70/20,100/0,1.43,2.86,9.96,7.01,0,9.96,3.26,4.66,9.32,32.42,22.82,0,32.42,46.4,,,,,,3.09,37.1,11.26,24.29,21.22,30.35040431,65.47169811,57.1967655,12.4,1151.25,35.25,0.983726336,1.876120802,12.19820657,523.5,1123.5
46.3,4,46,3,G-1/S-1,10/70/20,100/0,1.43,2.86,9.96,7.01,0,9.96,3.26,4.66,9.32,32.42,22.82,0,32.42,46.4,,,,,,3.09,34,8.31,24.09,21.04,24.44117647,70.85294118,61.88235294,11.4,1006.5,-19.5,0.815343709,1.605778799,9.294918286,471.8,920.3
46.4,4,46,4,G-1/S-1,10/70/20,100/0,1.43,2.86,9.96,7.01,0,9.96,3.26,4.66,9.32,32.42,22.82,0,32.42,46.4,,,,,,3.09,32.1,6.08,24.54,21.37,18.94080997,76.44859813,66.57320872,10.2,1464.75,546.75,4.212886278,4.892394352,42.97144004,426,907.5
47.1,4,47,1,G-1/S-2,10/70/20,75/25,1.43,2.86,9.96,5.25,1.75,8.21,3.56,5.09,10.19,35.45,18.71,6.24,29.22,50.74,,3.56,50.74,3.28,,3.28,32.8,7.08,24.48,21.14,21.58536585,74.63414634,64.45121951,12.7,1423.5,280.5,0.576220505,1.477582293,7.31800041,459.8,921.8
47.2,4,47,2,G-1/S-2,10/70/20,75/25,1.43,2.86,9.96,5.25,1.75,8.21,3.56,5.09,10.19,35.45,18.71,6.24,29.22,50.74,,,,,,3.28,37.4,7.54,28.29,24.54,20.16042781,75.64171123,65.61497326,10.9,1048.5,67.5,0.66223846,2.71936242,7.218399213,434.3,846
47.3,4,47,3,G-1/S-2,10/70/20,75/25,1.43,2.86,9.96,5.25,1.75,8.21,3.56,5.09,10.19,35.45,18.71,6.24,29.22,50.74,,,,,,3.28,35.6,8.07,25.91,22.39,22.66853933,72.78089888,62.89325843,9.5,989.25,134.25,1.154433761,2.051809996,10.96712073,475.5,834
47.4,4,47,4,G-1/S-2,10/70/20,75/25,1.43,2.86,9.96,5.25,1.75,8.21,3.56,5.09,10.19,35.45,18.71,6.24,29.22,50.74,,,,,,3.28,36.8,10.74,24.99,21.54,29.18478261,67.9076087,58.5326087,12.2,1388.25,290.25,0.258385912,1.634008556,3.152308131,528,1044
48.1,4,48,1,G-1/S-3,10/70/20,50/50,1.43,2.86,9.96,3.5,3.5,6.45,3.4,4.86,9.72,33.83,11.9,11.9,21.92,48.41,,3.4,48.41,1.95,,1.95,36.3,10.79,24.31,21.1,29.72451791,66.96969697,58.12672176,11.2,1148.25,140.25,1.814347309,2.264364,20.32068986,510,990
48.2,4,48,2,G-1/S-3,10/70/20,50/50,1.43,2.86,9.96,3.5,3.5,6.45,3.4,4.86,9.72,33.83,11.9,11.9,21.92,48.41,,,,,,1.95,36.2,11.82,23.18,20.07,32.6519337,64.03314917,55.44198895,11.9,2034.75,963.75,0.98472265,1.089671167,11.71819954,518.3,1017.8
48.3,4,48,3,G-1/S-3,10/70/20,50/50,1.43,2.86,9.96,3.5,3.5,6.45,3.4,4.86,9.72,33.83,11.9,11.9,21.92,48.41,,,,,,1.95,34.2,10.11,22.68,19.8,29.56140351,66.31578947,57.89473684,9.4,1611,765,0.878777819,1.044171404,8.260511498,480,880.5
48.4,4,48,4,G-1/S-3,10/70/20,50/50,1.43,2.86,9.96,3.5,3.5,6.45,3.4,4.86,9.72,33.83,11.9,11.9,21.92,48.41,,,,,,1.95,37.5,11.99,24.01,20.58,31.97333333,64.02666667,54.88,11.8,1459.5,397.5,1.926270262,3.382929192,22.72998909,465.8,935.3
49.1,4,49,1,G-1/S-4,10/70/20,25/75,1.43,2.86,9.96,1.75,5.25,4.7,3.23,4.63,9.26,32.2,5.66,16.99,15.21,46.08,,3.23,46.08,2.64,,2.64,32.8,6.39,25.2,21.74,19.48170732,76.82926829,66.2804878,10.9,1137.75,156.75,0.616406526,1.532713323,6.718831137,505.5,1033.5
49.2,4,49,2,G-1/S-4,10/70/20,25/75,1.43,2.86,9.96,1.75,5.25,4.7,3.23,4.63,9.26,32.2,5.66,16.99,15.21,46.08,,,,,,2.64,30.9,7.5,22.02,19.01,24.27184466,71.26213592,61.5210356,14.3,1290,3,0.71504479,1.5190967,10.2251405,450.8,883.5
49.3,4,49,2,G-1/S-4,10/70/20,25/75,1.43,2.86,9.96,1.75,5.25,4.7,3.23,4.63,9.26,32.2,5.66,16.99,15.21,46.08,,,,,,2.64,,,,,,,,,,,,,,,
49.4,4,49,4,G-1/S-4,10/70/20,25/75,1.43,2.86,9.96,1.75,5.25,4.7,3.23,4.63,9.26,32.2,5.66,16.99,15.21,46.08,,,,,,2.64,33.8,8.35,24.12,21.12,24.70414201,71.36094675,62.4852071,12.8,1178.25,26.25,1.515775389,1.724676109,19.40192498,501.8,1005.8
50.1,4,50,1,G-1/S-5,10/70/20,0/100,1.43,2.87,9.95,0,7.01,2.95,3.37,4.82,9.66,33.57,0,23.62,9.94,48.05,,3.37,48.05,5.1,,5.1,28.9,1.99,25.08,21.77,6.885813149,86.78200692,75.32871972,11.3,1333.5,316.5,0.150116233,0.428097024,1.696313432,354,702
50.2,4,50,2,G-1/S-5,10/70/20,0/100,1.43,2.87,9.95,0,7.01,2.95,3.37,4.82,9.66,33.57,0,23.62,9.94,48.05,,,,,,5.1,30,2.24,26.38,22.7,7.466666667,87.93333333,75.66666667,11.5,1236.75,201.75,0.178013968,0.524078417,2.047160634,402.8,874.5
50.3,4,50,3,G-1/S-5,10/70/20,0/100,1.43,2.87,9.95,0,7.01,2.95,3.37,4.82,9.66,33.57,0,23.62,9.94,48.05,,,,,,5.1,34.2,7.19,25.76,22.48,21.02339181,75.32163743,65.73099415,12.8,1363.5,211.5,0.730322167,1.057788126,9.348123741,470.3,1001.3
50.4,4,50,4,G-1/S-5,10/70/20,0/100,1.43,2.87,9.95,0,7.01,2.95,3.37,4.82,9.66,33.57,0,23.62,9.94,48.05,,,,,,5.1,28.5,1.74,25.04,21.82,6.105263158,87.85964912,76.56140351,10.8,1030.5,58.5,0.288940568,0.616406526,3.120558132,353.3,665.3
51.1,4,51,1,G-2/S-1,20/60/20,100/0,2.86,2.86,8.53,6.01,0,8.53,3.14,8.99,9,26.81,18.88,0,26.81,44.8,,3.14,44.8,3.19,,3.19,34.7,9.21,24.16,20.86,26.54178674,69.62536023,60.11527378,10.8,1041.75,69.75,2.18268469,2.464007713,23.57299465,474.8,1024.5
51.2,4,51,2,G-2/S1,20/60/20,100/0,2.86,2.86,8.53,6.01,0,8.53,3.14,8.99,9,26.81,18.88,0,26.81,44.8,,,,,,3.19,33.8,5.43,26.79,23.29,16.06508876,79.26035503,68.90532544,8.6,967.5,193.5,0.924319083,0.422373526,7.949144111,382.5,762.8
51.3,4,51,3,G-2/S-1,20/60/20,100/0,2.86,2.86,8.53,6.01,0,8.53,3.14,8.99,9,26.81,18.88,0,26.81,44.8,,,,,,3.19,31.6,6.76,23.42,20.16,21.39240506,74.11392405,63.79746835,9.5,1118.25,263.25,1.830933793,0.810700338,17.39387103,395.3,799.5
51.4,4,51,4,G-2/S-1,20/60/20,100/0,2.86,2.86,8.53,6.01,0,8.53,3.14,8.99,9,26.81,18.88,0,26.81,44.8,,,,,,3.19,36.3,7.43,27.34,23.6,20.46831956,75.31680441,65.0137741,10.3,1272,345,2.314202222,4.77179009,23.83628289,518.3,1056.8
52.1,4,52,1,G-2/S-2,20/60/20,75/25,2.86,2.86,8.53,4.5,1.5,7.02,3.03,8.67,8.68,25.86,13.66,4.55,21.3,43.21,,3.03,43.21,2.03,,2.03,30.8,6.12,23.45,20.4,19.87012987,76.13636364,66.23376623,10.8,1270.5,298.5,0.214202333,0.864007763,2.313385192,388.5,779.3
52.2,4,52,2,G-2/S-2,20/60/20,75/25,2.86,2.86,8.53,4.5,1.5,7.02,3.03,8.67,8.68,25.86,13.66,4.55,21.3,43.21,,,,,,2.03,36,10.22,24.27,20.96,28.38888889,67.41666667,58.22222222,10.9,1267.5,286.5,1.422762577,2.472568053,15.50811209,424.5,837.8
52.3,4,52,3,G-2/S-2,20/60/20,75/25,2.86,2.86,8.53,4.5,1.5,7.02,3.03,8.67,8.68,25.86,13.66,4.55,21.3,43.21,,,,,,2.03,28.1,4.03,22.8,19.93,14.34163701,81.13879004,70.9252669,10.3,1143,216,0.239494184,0.471400781,2.466790092,427.5,785.3
52.4,4,52,4,G-2/S-2,20/60/20,75/25,2.86,2.86,8.53,4.5,1.5,7.02,3.03,8.67,8.68,25.86,13.66,4.55,21.3,43.21,,,,,,2.03,36,10.25,24.07,20.91,28.47222222,66.86111111,58.08333333,9.9,1498.5,607.5,0.529766485,1.095136138,5.244688197,590.3,1114.5
53.1,4,53,1,G-2/S-3,20/60/20,50/50,2.86,2.86,8.53,3,3,5.52,3.18,9.11,9.11,27.15,9.56,9.56,17.59,45.37,,3.18,45.37,2,,2,35.4,9.57,24.41,20.99,27.03389831,68.95480226,59.29378531,10.9,1149.75,168.75,0.749610911,3.183852312,8.170758931,426,850.5
53.2,4,53,2,G-2/S-3,20/60/20,50/50,2.86,2.86,8.53,3,3,5.52,3.18,9.11,9.11,27.15,9.56,9.56,17.59,45.37,,,,,,2,40.5,13.77,25.41,21.87,34,62.74074074,54,11.4,1197,171,1.77684826,3.427431679,20.25607016,512.3,1004.3
53.3,4,53,3,G-2/S-3,20/60/20,50/50,2.86,2.86,8.53,3,3,5.52,3.18,9.11,9.11,27.15,9.56,9.56,17.59,45.37,,,,,,2,34.3,10.45,22.78,19.59,30.4664723,66.41399417,57.11370262,12.8,1445.25,293.25,0.614591432,1.932879304,7.866770324,496.5,958.5
53.4,4,53,4,G-2/S-3,20/60/20,50/50,2.86,2.86,8.53,3,3,5.52,3.18,9.11,9.11,27.15,9.56,9.56,17.59,45.37,,,,,,2,38.1,12.68,24.03,20.81,33.2808399,63.07086614,54.61942257,11.2,1755,747,2.635214053,2.983852057,29.5143974,503.3,1019.3
54.1,4,54,1,G-2/S-4,20/60/20,25/75,2.86,2.86,8.53,1.5,4.5,4.02,3.29,9.41,9.42,28.05,4.94,14.82,13.23,46.88,,3.29,46.88,2.71,,2.71,39.4,11.2,26.33,22.94,28.42639594,66.82741117,58.22335025,10.9,1143.75,162.75,1.147276287,2.074513624,12.50531152,576,1124.3
54.2,4,54,2,G-2/S-4,20/60/20,25/75,2.86,2.86,8.53,1.5,4.5,4.02,3.29,9.41,9.42,28.05,4.94,14.82,13.23,46.88,,,,,,2.71,34.4,9.43,23.6,20.44,27.4127907,68.60465116,59.41860465,10.2,1342.5,424.5,2.004474687,2.425097244,20.44564181,405,807
54.3,4,54,3,G-2/S-4,20/60/20,25/75,2.86,2.86,8.53,1.5,4.5,4.02,3.29,9.41,9.42,28.05,4.94,14.82,13.23,46.88,,,,,,2.71,37.5,12.08,24.05,21.01,32.21333333,64.13333333,56.02666667,10.3,1122,195,0.614980485,1.861673091,6.334298998,432,885
54.4,4,54,4,G-2/S-4,20/60/20,25/75,2.86,2.86,8.53,1.5,4.5,4.02,3.29,9.41,9.42,28.05,4.94,14.82,13.23,46.88,,,,,,2.71,37.3,9.91,26.13,22.37,26.56836461,70.0536193,59.97319035,10.4,1305,369,0.875680881,2.767120524,9.107081161,456.8,891.8
55.1,4,55,1,G-2/S-5,20/60/20,0/100,2.86,2.86,8.53,0,6.01,2.52,3.21,9.18,9.18,27.35,0,19.27,8.09,45.71,,3.21,45.71,6.21,,6.21,28.9,4.06,23.25,20.21,14.04844291,80.44982699,69.93079585,9.4,1270.5,424.5,0.182684811,0.773346316,1.717237225,321,619.5
55.2,4,55,2,G-2/S-5,20/60/20,0/100,2.86,2.86,8.53,0,6.01,2.52,3.21,9.18,9.18,27.35,0,19.27,8.09,45.71,,,,,,6.21,30.9,3.31,26.08,22.85,10.71197411,84.4012945,73.94822006,6.3,776.25,209.25,0.071400747,0.359727653,0.449824703,238.5,465
55.3,4,55,3,G-2/S-5,20/60/20,0/100,2.86,2.86,8.53,0,6.01,2.52,3.21,9.18,9.18,27.35,0,19.27,8.09,45.71,,,,,,6.21,30.7,4.19,25.1,22.19,13.64820847,81.75895765,72.28013029,5.9,951.75,420.75,0.070233453,0.404474738,0.414377375,233.3,453.8
55.4,4,55,4,G-2/S-5,20/60/20,0/100,2.86,2.86,8.53,0,6.01,2.52,3.21,9.18,9.18,27.35,0,19.27,8.09,45.71,,,,,,6.21,41.5,13.88,25.8,22.35,33.44578313,62.1686747,53.85542169,8.7,1095,312,0.64727623,1.112645872,5.6313032,376.5,738
56.1,4,56,1,G-3/S-1,30/50/20,100/0,4.29,2.86,7.1,5.01,0,7.1,2.69,11.54,7.7,19.08,13.46,0,19.08,38.31,,2.69,38.31,2.75,,2.75,31.1,7.25,22.69,19.47,23.31189711,72.95819936,62.60450161,11.7,1565.25,512.25,0.783253744,1.565170379,9.164068808,455.3,999
56.2,4,56,2,G-3/S-1,30/50/20,100/0,4.29,2.86,7.1,5.01,0,7.1,2.69,11.54,7.7,19.08,13.46,0,19.08,38.31,,,,,,2.75,30.5,7,22.04,15.52,22.95081967,72.26229508,50.8852459,11.5,1213.5,178.5,0.86794016,2.470296038,9.981311842,423,837
56.3,4,56,3,G-3/S-1,30/50/20,100/0,4.29,2.86,7.1,5.01,0,7.1,2.69,11.54,7.7,19.08,13.46,0,19.08,38.31,,,,,,2.75,39.2,11.96,25.94,22.26,30.51020408,66.17346939,56.78571429,10.7,1112.25,149.25,0.962495974,1.154791546,10.29870692,438,880.5
56.4,4,56,4,G-3/S-1,30/50/20,100/0,4.29,2.86,7.1,5.01,0,7.1,2.69,11.54,7.7,19.08,13.46,0,19.08,38.31,,,,,,2.75,34.6,8.63,24.57,20.97,24.94219653,71.01156069,60.60693642,10.8,1524.75,552.75,0.783890495,2.792804987,8.466017345,434.3,859.5
57.1,4,57,1,G-3/S-2,30/50/20,75/25,4.29,2.86,7.09,3.75,1.25,5.84,3.12,13.39,8.93,22.12,11.71,3.91,18.21,44.43,,3.12,44.43,3.71,,3.71,36.8,9.22,25.96,22.34,25.05434783,70.54347826,60.70652174,10.7,1675.5,712.5,0.980324708,1.739955449,10.48947438,523.5,1062.8
57.2,4,57,2,G-3/S-2,30/50/20,75/25,4.29,2.86,7.09,3.75,1.25,5.84,3.12,13.39,8.93,22.12,11.71,3.91,18.21,44.43,,,,,,3.71,38.2,13.11,23.99,20.57,34.31937173,62.80104712,53.84816754,10.4,1447.5,511.5,1.032219082,2.867621815,10.73507845,510.8,1083
57.3,4,57,3,G-3/S-2,30/50/20,75/25,4.29,2.86,7.09,3.75,1.25,5.84,3.12,13.39,8.93,22.12,11.71,3.91,18.21,44.43,,,,,,3.71,39.8,13.22,25.29,22.16,33.2160804,63.54271357,55.67839196,9.6,1132.5,268.5,1.148742462,2.420312012,11.02792763,483.8,966
57.4,4,57,4,G-3/S-2,30/50/20,75/25,4.29,2.86,7.09,3.75,1.25,5.84,3.12,13.39,8.93,22.12,11.71,3.91,18.21,44.43,,,,,,3.71,42,15.31,25.15,21.84,36.45238095,59.88095238,52,11,1338.75,348.75,2.200318309,3.949761314,24.20350139,550.5,1115.3
58.1,4,58,1,G-3/S-3,30/50/20,50/50,4.29,2.86,7.1,2.5,2.5,4.59,3.39,14.54,9.7,24.03,8.48,8.48,15.55,48.27,,3.39,48.27,3.39,,3.39,42.3,14.99,25.54,22.07,35.43735225,60.37825059,52.1749409,11.6,1863,819,3.066284608,4.155109848,35.56890146,631.5,1282.5
58.2,4,58,2,G-3/S-3,30/50/20,50/50,4.29,2.86,7.1,2.5,2.5,4.59,3.39,14.54,9.7,24.03,8.48,8.48,15.55,48.27,,,,,,3.39,44.6,14.62,28.13,24.64,32.78026906,63.07174888,55.24663677,13.3,1881.75,684.75,6.332441903,4.70429805,84.22147731,656.3,1275.8
58.3,4,58,3,G-3/S-3,30/50/20,50/50,4.29,2.86,7.1,2.5,2.5,4.59,3.39,14.54,9.7,24.03,8.48,8.48,15.55,48.27,,,,,,3.39,38.2,11.68,25.14,21.93,30.57591623,65.81151832,57.40837696,10.7,1416,453,3.133460808,3.449920293,33.52803064,550.5,1131.8
58.4,4,58,4,G-3/S-3,30/50/20,50/50,4.29,2.86,7.1,2.5,2.5,4.59,3.39,14.54,9.7,24.03,8.48,8.48,15.55,48.27,,,,,,3.39,44.2,16.46,26.04,22.69,37.239819,58.91402715,51.33484163,13.8,1731.75,489.75,4.045272207,4.414581523,55.82475646,672.8,1381.5
59.1,4,59,1,G-3/S-4,30/50/20,25/75,4.29,2.86,7.1,1.25,3.75,3.34,3.5,15,10.01,24.8,4.38,13.12,11.68,49.81,,3.5,49.81,3.68,,3.68,40.1,12.36,26.38,23.13,30.82294264,65.78553616,57.680798,11,1597.5,607.5,2.646991456,2.922381424,29.11690601,540.8,1100.3
59.2,4,59,2,G-3/S-4,30/50/20,25/75,4.29,2.86,7.1,1.25,3.75,3.34,3.5,15,10.01,24.8,4.38,13.12,11.68,49.81,,,,,,3.68,28.3,3.09,24.11,20.71,10.91872792,85.19434629,73.18021201,10.9,993.75,12.75,0.283094537,0.423495688,3.085730455,213,521.3
59.3,4,59,3,G-3/S-4,30/50/20,25/75,4.29,2.86,7.1,1.25,3.75,3.34,3.5,15,10.01,24.8,4.38,13.12,11.68,49.81,,,,,,3.68,38.7,12.31,25.02,21.62,31.80878553,64.65116279,55.86563307,10.5,1521.75,576.75,2.379560728,4.741865485,24.98538765,578.3,1098
59.4,4,59,4,G-3/S-4,30/50/20,25/75,4.29,2.86,7.1,1.25,3.75,3.34,3.5,15,10.01,24.8,4.38,13.12,11.68,49.81,,,,,,3.68,39.8,13.46,24.99,21.69,33.81909548,62.78894472,54.49748744,10,1449.75,549.75,5.010888326,5.70811845,50.10888326,582,1128
60.1,4,60,2,G-3/S-5,30/50/20,0/100,4.29,2.86,7.1,0,5.01,2.09,2.95,12.67,8.45,20.94,0,14.77,6.17,42.06,,2.95,42.06,3.8,,3.8,,,,,,,,,,,,,,,
60.2,4,60,2,G-3/S-5,30/50/20,0/100,4.29,2.86,7.1,0,5.01,2.09,2.95,12.67,8.45,20.94,0,14.77,6.17,42.06,,,,,,3.8,33.7,7.87,24.32,20.59,23.35311573,72.16617211,61.09792285,9.3,1130.25,293.25,1.374466637,2.844380748,12.78253972,497.3,989.3
60.3,4,60,2,G-3/S-5,30/50/20,0/100,4.29,2.86,7.1,0,5.01,2.09,2.95,12.67,8.45,20.94,0,14.77,6.17,42.06,,,,,,3.8,,,,,,,,,,,,,,,
60.4,4,60,4,G-3/S-5,30/50/20,0/100,4.29,2.86,7.1,0,5.01,2.09,2.95,12.67,8.45,20.94,0,14.77,6.17,42.06,,,,,,3.8,34.6,8.31,24.55,21.24,24.01734104,70.95375723,61.38728324,10.1,1198.5,289.5,1.498631025,2.057370203,15.13617335,441,910.5
61.1,5,61,1,G-1/S-1,10/70/20,100/0,1.43,2.86,9.96,7.01,0,9.96,3.22,4.6,9.2,32.02,22.54,0,32.02,45.82,,3.22,45.82,8.35,,8.35,30.5,2.15,26.46,22.93,7.049180328,86.75409836,75.18032787,10.3,1116,189,,0.184338024,,352.5,744.8
61.2,5,61,2,G-1/S-1,10/70/20,100/0,1.43,2.86,9.96,7.01,0,9.96,3.22,4.6,9.2,32.02,22.54,0,32.02,45.82,,,,,,8.35,29.3,5.78,22.2,19.02,19.72696246,75.76791809,64.91467577,10.9,1354.5,373.5,,1.480893353,,375,807
61.3,5,61,3,G-1/S-1,10/70/20,100/0,1.43,2.86,9.96,7.01,0,9.96,3.22,4.6,9.2,32.02,22.54,0,32.02,45.82,,,,,,8.35,30.5,5.97,23.09,19.94,19.57377049,75.70491803,65.37704918,12.3,1145.25,38.25,0.324811627,1.757534934,3.995183012,396.8,843
61.4,5,61,4,G-1/S-1,10/70/20,100/0,1.43,2.86,9.96,7.01,0,9.96,3.22,4.6,9.2,32.02,22.54,0,32.02,45.82,,,,,,8.35,29.5,1.14,26.47,23.17,3.86440678,89.72881356,78.54237288,7.9,879.75,168.75,0.321582334,0.353875136,2.540500436,328.5,645
62.1,5,62,1,G-1/S-2,10/70/20,75/25,1.43,2.86,9.96,5.25,1.75,8.21,3.59,5.13,10.26,35.71,18.85,6.28,29.43,51.1,,3.59,51.1,2.54,,2.54,41.8,15.42,24.6,21.47,36.88995215,58.85167464,51.36363636,11.6,1351.5,307.5,0.392626504,2.737082896,4.554467442,507.8,1038.8
62.2,5,62,2,G-1/S-2,10/70/20,75/25,1.43,2.86,9.96,5.25,1.75,8.21,3.59,5.13,10.26,35.71,18.85,6.28,29.43,51.1,,,,,,2.54,39.4,12.38,25.22,22.08,31.4213198,64.01015228,56.04060914,11.3,1347.75,330.75,2.753229403,3.758073248,31.11149225,434.3,845.3
62.3,5,62,3,G-1/S-2,10/70/20,75/25,1.43,2.86,9.96,5.25,1.75,8.21,3.59,5.13,10.26,35.71,18.85,6.28,29.43,51.1,,,,,,2.54,37.4,12.01,23.85,20.74,32.11229947,63.77005348,55.45454545,12.4,1388.25,272.25,0.990581311,2.338805173,12.28320825,548.3,1114.5
62.4,5,62,4,G-1/S-2,10/70/20,75/25,1.43,2.86,9.96,5.25,1.75,8.21,3.59,5.13,10.26,35.71,18.85,6.28,29.43,51.1,,,,,,2.54,33.6,8.03,24.09,20.69,23.89880952,71.69642857,61.57738095,12.7,1581,438,0.614370298,1.29359522,7.80250279,423,900
63.1,5,63,1,G-1/S-3,10/70/20,50/50,1.43,2.86,9.96,3.5,3.5,6.45,3.61,5.16,10.32,35.89,12.63,12.63,23.26,51.37,,3.61,51.37,4.2,,4.2,38.6,10.21,26.24,23.25,26.4507772,67.97927461,60.23316062,9.7,1030.5,157.5,0.24138862,3.858180821,2.341469611,507,1017
63.2,5,63,2,G-1/S-3,10/70/20,50/50,1.43,2.86,9.96,3.5,3.5,6.45,3.61,5.16,10.32,35.89,12.63,12.63,23.26,51.37,,,,,,4.2,35.7,10.71,23.44,20.26,30,65.65826331,56.75070028,12.3,1083.75,-23.25,0.899623275,2.245155946,11.06536629,548.3,1106.3
63.3,5,63,3,G-1/S-3,10/70/20,50/50,1.43,2.86,9.96,3.5,3.5,6.45,3.61,5.16,10.32,35.89,12.63,12.63,23.26,51.37,,,,,,4.2,33,6.42,24.84,21.63,19.45454545,75.27272727,65.54545455,10.4,1044,108,,0.783907338,,,
63.4,5,63,4,G-1/S-3,10/70/20,50/50,1.43,2.86,9.96,3.5,3.5,6.45,3.61,5.16,10.32,35.89,12.63,12.63,23.26,51.37,,,,,,4.2,32.3,8.94,21.48,19,27.67801858,66.50154799,58.82352941,10.7,2088.75,1125.75,0.158503758,1.005113071,1.695990207,471,885.8
64.1,5,64,1,G-1/S-4,10/70/20,25/75,1.43,2.86,9.96,1.75,5.25,4.7,3.75,5.37,10.74,37.37,6.57,19.72,17.65,53.48,,3.75,53.48,3.32,,3.32,35.4,9.05,24.81,21.19,25.56497175,70.08474576,59.85875706,11.2,961.5,-46.5,0.586383223,3.521797613,6.567492097,472.5,1006.5
64.2,5,64,2,G-1/S-4,10/70/20,25/75,1.43,2.86,9.96,1.75,5.25,4.7,3.75,5.37,10.74,37.37,6.57,19.72,17.65,53.48,,,,,,3.32,38.3,11.09,25.57,21.91,28.95561358,66.76240209,57.20626632,10.7,1180.5,217.5,0.997039817,3.342572734,10.66832604,495,1028.3
64.3,5,64,3,G-1/S-4,10/70/20,25/75,1.43,2.86,9.96,1.75,5.25,4.7,3.75,5.37,10.74,37.37,6.57,19.72,17.65,53.48,,,,,,3.32,32.3,6,24.87,21.24,18.57585139,76.99690402,65.75851393,7,1059,429,1.3856297,1.524488633,9.699407901,336,678.8
64.4,5,64,4,G-1/S-4,10/70/20,25/75,1.43,2.86,9.96,1.75,5.25,4.7,3.75,5.37,10.74,37.37,6.57,19.72,17.65,53.48,,,,,,3.32,40.5,12.91,25.74,22.46,31.87654321,63.55555556,55.45679012,10.9,1135.5,154.5,2.590689012,3.657427373,28.23851023,475.5,966.8
65.1,5,65,1,G-1/S-5,10/70/20,0/100,1.43,2.87,9.95,0,7.01,2.95,3.27,4.68,9.37,32.56,0,22.92,9.65,46.62,,3.27,46.62,5.78,,5.78,35.2,7.42,25.95,22.53,21.07954545,73.72159091,64.00568182,10.3,1057.5,130.5,1.015339053,2.189181795,10.45799224,393.8,789.8
65.2,5,65,2,G-1/S-5,10/70/20,0/100,1.43,2.87,9.95,0,7.01,2.95,3.27,4.68,9.37,32.56,0,22.92,9.65,46.62,,,,,,5.78,31.3,7.5,22.26,19.44,23.96166134,71.11821086,62.1086262,10,1113.75,213.75,1.233315452,2.980355179,12.33315452,432.8,852
65.3,5,65,3,G-1/S-5,10/70/20,0/100,1.43,2.87,9.95,0,7.01,2.95,3.27,4.68,9.37,32.56,0,22.92,9.65,46.62,,,,,,5.78,32.5,7.42,23.53,20.35,22.83076923,72.4,62.61538462,10.4,1185.75,249.75,1.290904189,4.351722357,13.42540357,425.3,868.5
65.4,5,65,4,G-1/S-5,10/70/20,0/100,1.43,2.87,9.95,0,7.01,2.95,3.27,4.68,9.37,32.56,0,22.92,9.65,46.62,,,,,,5.78,35.2,6.53,26.54,23.24,18.55113636,75.39772727,66.02272727,10,1014.75,114.75,2.302206702,1.945909512,23.02206702,457.5,910.5
66.1,5,66,1,G-2/S-1,20/60/20,100/0,2.86,2.86,8.53,6.01,0,8.53,2.87,8.22,8.22,24.5,17.26,0,24.5,40.94,,2.87,40.94,3.88,,3.88,26.8,2.65,22.49,19.6,9.888059701,83.91791045,73.13432836,,,,,,,,
66.2,5,66,2,G-2/S-1,20/60/20,100/0,2.86,2.86,8.53,6.01,0,8.53,2.87,8.22,8.22,24.5,17.26,0,24.5,40.94,,,,,,3.88,29.4,2.43,25.33,21.93,8.265306122,86.15646259,74.59183673,10.3,1277.25,350.25,0.089433295,0.089433295,0.921162936,356.3,726
66.3,5,66,3,G-2/S-1,20/60/20,100/0,2.86,2.86,8.53,6.01,0,8.53,2.87,8.22,8.22,24.5,17.26,0,24.5,40.94,,,,,,3.88,29.6,3.92,24.23,21.01,13.24324324,81.85810811,70.97972973,14.6,1654.5,340.5,0.119539545,0.12957498,1.745277357,422.3,825.8
66.4,5,66,4,G-2/S-1,20/60/20,100/0,2.86,2.86,8.53,6.01,0,8.53,2.87,8.22,8.22,24.5,17.26,0,24.5,40.94,,,,,,3.88,33.6,9.06,22.87,19.82,26.96428571,68.06547619,58.98809524,10.6,1413.75,459.75,0.122491145,0.165584419,1.298406136,666.8,1231.5
67.1,5,67,1,G-2/S-2,20/60/20,75/25,2.86,2.86,8.53,4.5,1.5,7.02,3.44,9.84,9.85,29.34,15.5,5.17,24.17,49.03,,3.44,49.03,3.78,,3.78,30.3,5.61,23.45,20.13,18.51485149,77.39273927,66.43564356,11.5,1190.25,155.25,0.174439206,0.219303435,2.006050871,360.8,751.5
67.2,5,67,2,G-2/S-2,20/60/20,75/25,2.86,2.86,8.53,4.5,1.5,7.02,3.44,9.84,9.85,29.34,15.5,5.17,24.17,49.03,,,,,,3.78,38.8,8.38,28.88,24.94,21.59793814,74.43298969,64.27835052,8.8,1020.75,228.75,0.542207794,0.486717813,4.771428584,423,848.3
67.3,5,67,3,G-2/S-2,20/60/20,75/25,2.86,2.86,8.53,4.5,1.5,7.02,3.44,9.84,9.85,29.34,15.5,5.17,24.17,49.03,,,,,,3.78,37.1,8.24,27.12,23.38,22.21024259,73.09973046,63.01886792,13.4,2179.5,973.5,0.286009442,0.157910277,3.832526521,463.5,952.5
67.4,5,67,4,G-2/S-2,20/60/20,75/25,2.86,2.86,8.53,4.5,1.5,7.02,3.44,9.84,9.85,29.34,15.5,5.17,24.17,49.03,,,,,,3.78,33,5.86,25.62,22.17,17.75757576,77.63636364,67.18181818,10.5,1368,423,0.2122196,0.229929155,2.228305797,406.5,859.5
68.1,5,68,1,G-2/S-3,20/60/20,50/50,2.86,2.86,8.53,3,3,5.52,3.3,9.43,9.44,28.11,9.9,9.9,18.22,46.98,,3.3,46.98,2.4,,2.4,37.7,10.68,25.03,22.11,28.32891247,66.39257294,58.64721485,10.8,1497.75,525.75,0.107733179,0.139610393,1.163518329,408,840.8
68.2,5,68,2,G-2/S-3,20/60/20,50/50,2.86,2.86,8.53,3,3,5.52,3.3,9.43,9.44,28.11,9.9,9.9,18.22,46.98,,,,,,2.4,37.8,10.71,25.42,21.99,28.33333333,67.24867725,58.17460317,10.9,1439.25,458.25,0.271251487,0.344451,2.956641204,456.8,938.3
68.3,5,68,3,G-2/S-3,20/60/20,50/50,2.86,2.86,8.53,3,3,5.52,3.3,9.43,9.44,28.11,9.9,9.9,18.22,46.98,,,,,,2.4,38.5,11.43,25.44,22.04,29.68831169,66.07792208,57.24675325,11.8,1249.5,187.5,0.195100351,0.290141677,2.302184147,483.8,994.5
68.4,5,68,4,G-2/S-3,20/60/20,50/50,2.86,2.86,8.53,3,3,5.52,3.3,9.43,9.44,28.11,9.9,9.9,18.22,46.98,,,,,,2.4,40.8,13.73,25.57,21.98,33.65196078,62.67156863,53.87254902,13.8,1385.25,143.25,0.481995271,0.538665865,6.651534742,549.8,1095.8
69.1,5,69,1,G-2/S-4,20/60/20,25/75,2.86,2.86,8.53,1.5,4.5,4.02,3.46,9.89,9.9,29.49,5.19,15.58,13.91,49.28,,3.46,49.28,3.9,,3.9,36.7,5.13,29.83,25.99,13.97820163,81.28065395,70.81743869,7.7,1077.75,384.75,0.442443904,0.729338845,3.406818058,385.5,759
69.2,5,69,2,G-2/S-4,20/60/20,25/75,2.86,2.86,8.53,1.5,4.5,4.02,3.46,9.89,9.9,29.49,5.19,15.58,13.91,49.28,,,,,,3.9,34.7,8.39,24.66,21.65,24.17867435,71.06628242,62.39193084,11.7,1286.25,233.25,0.296635184,0.548110993,3.470631649,575.3,1186.5
69.3,5,69,3,G-2/S-4,20/60/20,25/75,2.86,2.86,8.53,1.5,4.5,4.02,3.46,9.89,9.9,29.49,5.19,15.58,13.91,49.28,,,,,,3.9,30.5,3.48,25.32,21.91,11.40983607,83.01639344,71.83606557,9.8,1135.5,253.5,0.218122777,0.365112155,2.137603219,419.3,838.5
69.4,5,69,4,G-2/S-4,20/60/20,25/75,2.86,2.86,8.53,1.5,4.5,4.02,3.46,9.89,9.9,29.49,5.19,15.58,13.91,49.28,,,,,,3.9,40.9,14.81,24.28,21.06,36.21026895,59.36430318,51.49144254,12,1197,117,0.30017709,0.407024793,3.602125084,640.5,1323.8
70.1,5,70,1,G-2/S-5,20/60/20,0/100,2.86,2.86,8.53,0,6.01,2.52,3.19,9.12,9.12,27.17,0,19.14,8.03,45.41,,3.19,45.41,,,3.99,32.9,3.49,27.33,23.86,10.60790274,83.06990881,72.52279635,11.4,1166.25,140.25,0.163813455,0.500885484,1.867473384,459,878.3
70.2,5,70,2,G-2/S-5,20/60/20,0/100,2.86,2.86,8.53,0,6.01,2.52,3.19,9.12,9.12,27.17,0,19.14,8.03,45.41,,,,3.99,,3.99,32.4,4.99,25.5,22.35,15.40123457,78.7037037,68.98148148,8.8,916.5,124.5,0.212809929,0.667945709,1.872727371,402.8,806.3
70.3,5,70,3,G-2/S-5,20/60/20,0/100,2.86,2.86,8.53,0,6.01,2.52,3.19,9.12,9.12,27.17,0,19.14,8.03,45.41,,,,,,3.99,33.1,7.18,24.38,21.29,21.6918429,73.65558912,64.32024169,11.1,1310.25,311.25,0.23701299,0.457792188,2.630844189,596.3,1218
70.4,5,70,4,G-2/S-5,20/60/20,0/100,2.86,2.86,8.53,0,6.01,2.52,3.19,9.12,9.12,27.17,0,19.14,8.03,45.41,,,,,,3.99,32.7,7.27,23.87,20.87,22.2324159,72.9969419,63.82262997,9.3,1197.75,360.75,0.228748519,0.331463987,2.127361229,426,811.5
71.1,5,71,1,G-3/S-1,30/50/20,100/0,4.29,2.86,7.1,5.01,0,7.1,2.86,12.28,8.19,20.31,14.33,0,20.31,40.78,,2.86,40.78,4.26,,4.26,28,2.48,24.24,21.23,8.857142857,86.57142857,75.82142857,7.8,1135.5,433.5,,0.089781437,,233.3,467.3
71.2,5,71,2,G-3/S-1,30/50/20,100/0,4.29,2.86,7.1,5.01,0,7.1,2.86,12.28,8.19,20.31,14.33,0,20.31,40.78,,,,,,4.26,37.3,10.93,24.6,21.36,29.30294906,65.95174263,57.26541555,13.8,1224.75,-17.25,2.038393304,2.552864652,28.1298276,458.3,894
71.3,5,71,3,G-3/S-1,30/50/20,100/0,4.29,2.86,7.1,5.01,0,7.1,2.86,12.28,8.19,20.31,14.33,0,20.31,40.78,,,,,,4.26,39.5,12,26.01,22.31,30.37974684,65.84810127,56.48101266,11.2,1113.75,105.75,4.563496904,6.694625243,51.11116532,486.8,975
71.4,5,71,4,G-3/S-1,30/50/20,100/0,4.29,2.86,7.1,5.01,0,7.1,2.86,12.28,8.19,20.31,14.33,0,20.31,40.78,,,,,,4.26,31.9,7.05,23.11,20.31,22.10031348,72.44514107,63.6677116,12.7,1140,-3,0.898995949,2.947430501,11.41724856,470.3,842.3
72.1,5,72,1,G-3/S-2,30/50/20,75/25,4.29,2.86,7.09,3.75,1.25,5.84,3.66,15.71,10.48,25.97,13.74,4.59,21.38,52.16,,3.66,52.16,5.44,,5.44,35.6,3.77,30.02,26.4,10.58988764,84.3258427,74.15730337,11.3,1118.25,101.25,0.440637903,0.999999945,4.979208308,489.8,1023.8
72.2,5,72,2,G-3/S-2,30/50/20,75/25,4.29,2.86,7.09,3.75,1.25,5.84,3.66,15.71,10.48,25.97,13.74,4.59,21.38,52.16,,,,,,5.44,31.9,3.95,26.29,23.08,12.38244514,82.4137931,72.35109718,10.3,1125,198,0.479621999,0.719432996,4.940106591,451.5,862.5
72.3,5,72,3,G-3/S-2,30/50/20,75/25,4.29,2.86,7.09,3.75,1.25,5.84,3.66,15.71,10.48,25.97,13.74,4.59,21.38,52.16,,,,,,5.44,33.9,2.58,29.8,26.11,7.610619469,87.90560472,77.02064897,7.4,1017.75,351.75,1.420555251,1.782634456,10.51210885,434.3,801.8
72.4,5,72,4,G-3/S-2,30/50/20,75/25,4.29,2.86,7.09,3.75,1.25,5.84,3.66,15.71,10.48,25.97,13.74,4.59,21.38,52.16,,,,,,5.44,35,5.1,28.47,24.87,14.57142857,81.34285714,71.05714286,9.2,1083.75,255.75,1.250442961,1.468399332,11.50407524,468,864.8
73.1,5,73,1,G-3/S-3,30/50/20,50/50,4.29,2.86,7.1,2.5,2.5,4.59,3.51,15.07,10.05,24.91,8.79,8.79,16.12,50.02,,3.51,50.02,3.42,,3.42,39.1,11.07,25.61,22.74,28.31202046,65.49872123,58.15856777,11.2,1556.25,548.25,4.816302276,3.750738459,53.9425855,609.8,1090.5
73.2,5,73,2,G-3/S-3,30/50/20,50/50,4.29,2.86,7.1,2.5,2.5,4.59,3.51,15.07,10.05,24.91,8.79,8.79,16.12,50.02,,,,,,3.42,38.2,10.29,25.98,23.08,26.93717277,68.0104712,60.41884817,11.3,1163.25,146.25,1.607206157,4.501476739,18.16142958,480.8,930
73.3,5,73,3,G-3/S-3,30/50/20,50/50,4.29,2.86,7.1,2.5,2.5,4.59,3.51,15.07,10.05,24.91,8.79,8.79,16.12,50.02,,,,,,3.42,37.9,7.63,28.72,24.71,20.13192612,75.77836412,65.19788918,8,1147.5,427.5,2.102776179,,16.82220943,444.8,875.3
73.4,5,73,4,G-3/S-3,30/50/20,50/50,4.29,2.86,7.1,2.5,2.5,4.59,3.51,15.07,10.05,24.91,8.79,8.79,16.12,50.02,,,,,,3.42,40.2,12.08,26.26,22.82,30.04975124,65.32338308,56.76616915,13,1305.75,135.75,2.487891365,4.233904342,32.34258774,493.5,933
74.1,5,74,1,G-3/S-4,30/50/20,25/75,4.29,2.86,7.1,1.25,3.75,3.34,3.48,14.94,9.97,24.7,4.36,13.07,11.63,49.61,,3.48,49.61,2.93,,2.93,34.3,8.1,24.47,20.98,23.61516035,71.34110787,61.16618076,12,1090.5,10.5,1.61724741,2.480803235,19.40696892,510.8,1007.3
74.2,5,74,2,G-3/S-4,30/50/20,25/75,4.29,2.86,7.1,1.25,3.75,3.34,3.48,14.94,9.97,24.7,4.36,13.07,11.63,49.61,,,,,,2.93,31.8,6.92,23.23,20.53,21.76100629,73.05031447,64.55974843,11.4,1365,339,0.334908488,1.191966861,3.817956759,480.8,917.3
74.3,5,74,3,G-3/S-4,30/50/20,25/75,4.29,2.86,7.1,1.25,3.75,3.34,3.48,14.94,9.97,24.7,4.36,13.07,11.63,49.61,,,,,,2.93,37.1,12.68,22.89,19.62,34.17789757,61.69811321,52.88409704,11.3,1329.75,312.75,2.788540995,1.838747846,31.51051325,608.3,1188.8
74.4,5,74,4,G-3/S-4,30/50/20,25/75,4.29,2.86,7.1,1.25,3.75,3.34,3.48,14.94,9.97,24.7,4.36,13.07,11.63,49.61,,,,,,2.93,35.4,9.02,24.47,21.41,25.48022599,69.12429379,60.48022599,11.7,1128.75,75.75,1.350265778,2.266981694,15.7981096,531.8,964.5
75.1,5,75,1,G-3/S-5,30/50/20,0/100,4.29,2.86,7.1,0,5.01,2.09,2.86,12.28,8.19,20.3,0,14.32,5.98,40.77,,2.86,40.77,4.28,,4.28,36.1,7.94,26.36,22.59,21.99445983,73.01939058,62.57617729,10.7,784.5,-178.5,1.207914888,1.8706439,12.9246893,366.8,696
75.2,5,75,2,G-3/S-5,30/50/20,0/100,4.29,2.86,7.1,0,5.01,2.09,2.86,12.28,8.19,20.3,0,14.32,5.98,40.77,,,,,,4.28,34.1,8.82,23.65,20.47,25.86510264,69.35483871,60.02932551,8.6,1094.25,320.25,0.938570547,2.491435253,8.0717067,366.8,729
75.3,5,75,3,G-3/S-5,30/50/20,0/100,4.29,2.86,7.1,0,5.01,2.09,2.86,12.28,8.19,20.3,0,14.32,5.98,40.77,,,,,,4.28,34.7,10.47,22.86,19.69,30.17291066,65.87896254,56.74351585,10.2,1321.5,403.5,0.86119312,1.737152908,8.784169829,699.8,1408.5
75.4,5,75,4,G-3/S-5,30/50/20,0/100,4.29,2.86,7.1,0,5.01,2.09,2.86,12.28,8.19,20.3,0,14.32,5.98,40.77,,,,,,4.28,33.6,8.05,23.95,20.56,23.95833333,71.2797619,61.19047619,9.6,1182,318,0.772002321,1.093325399,7.411222285,409.5,697.5